Id,acct,line1,post_area,country_cd
AD0001,P-1073,187 Juno Way,B,NL
AD0002,P-1194,229 Forge Way,AB,GB
AD0003,P-1180,221 Iron Way,B,GB
AD0004,P-1080,112 Keystone Way,CF,IE
AD0005,P-1153,217 Lumen Way,G,GB
AD0006,P-1172,219 Forge Way,TR,GB
AD0007,P-1202,114 Solstice Way,G,FR
AD0008,P-1076,212 Vector Way,EH,GB
AD0009,P-1208,151 Iron Way,AB,GB
AD0010,P-1153,159 Delta Way,TR,GB
AD0011,P-1205,197 North Way,LS,GB
AD0012,P-1079,60 Yarrow Way,B,IE
AD0013,P-1160,168 Granite Way,M,GB
AD0014,P-1196,46 Zenith Way,TR,GB
AD0015,P-1162,27 Orchard Way,EH,GB
AD0016,P-1091,226 Quartz Way,CF,GB
AD0017,P-1138,73 Umbra Way,M,GB
AD0018,P-1221,176 Solstice Way,B,GB
AD0019,P-1225,154 Solstice Way,EH,GB
AD0020,P-1120,229 Delta Way,SO,GB
AD0021,P-1056,112 North Way,AB,GB
AD0022,P-1097,106 Mistral Way,M,GB
AD0023,P-1067,232 North Way,AB,GB
AD0024,P-1183,234 Solstice Way,TR,GB
AD0025,P-1035,149 Umbra Way,TR,GB
AD0026,P-1100,197 Crest Way,NE,GB
AD0027,P-1197,198 Zenith Way,SO,GB
AD0028,P-1162,188 Crest Way,LS,GB
AD0029,P-1113,115 Yarrow Way,AB,GB
AD0030,P-1164,2 Zenith Way,LS,GB
AD0031,P-1197,110 Delta Way,EH,GB
AD0032,P-1098,157 Orchard Way,CF,GB
AD0033,P-1027,240 Rampart Way,LS,IE
AD0034,P-1114,84 Ember Way,TR,IE
AD0035,P-1213,12 Keystone Way,EH,GB
AD0036,P-1188,80 Juno Way,AB,GB
AD0037,P-1161,203 Juno Way,AB,GB
AD0038,P-1045,51 Zenith Way,AB,GB
AD0039,P-1199,63 Zenith Way,SO,GB
AD0040,P-1058,84 Bravo Way,CF,GB
AD0041,P-1030,147 Delta Way,NE,GB
AD0042,P-1106,1 Forge Way,SO,GB
AD0043,P-1082,100 Zenith Way,G,GB
AD0044,P-1168,38 Bravo Way,LS,FR
AD0045,P-1111,74 Tundra Way,G,GB
AD0046,P-1205,193 Solstice Way,NE,GB
AD0047,P-1055,195 Juno Way,G,GB
AD0048,P-1125,151 Keystone Way,AB,FR
AD0049,P-1083,212 Alfa Way,AB,GB
AD0050,P-1069,166 Pinnacle Way,B,GB
AD0051,P-1220,223 Tundra Way,B,FR
AD0052,P-1173,171 Keystone Way,TR,GB
AD0053,P-1012,132 Ember Way,CF,GB
AD0054,P-1032,20 Wexford Way,SO,GB
AD0055,P-1001,100 Delta Way,LS,GB
AD0056,P-1121,222 Wexford Way,G,GB
AD0057,P-1137,234 Wexford Way,EH,GB
AD0058,P-1196,172 Rampart Way,NE,GB
AD0059,P-1077,214 Zenith Way,SO,FR
AD0060,P-1111,56 Rampart Way,LS,GB
AD0061,P-1011,3 Delta Way,TR,GB
AD0062,P-1056,42 Solstice Way,G,GB
AD0063,P-1177,225 Harbor Way,AB,GB
AD0064,P-1159,36 Lumen Way,TR,GB
AD0065,P-1018,11 Pinnacle Way,B,GB
AD0066,P-1138,187 Juno Way,B,GB
AD0067,P-1079,196 Solstice Way,G,GB
AD0068,P-1036,16 Iron Way,EH,GB
AD0069,P-1113,197 Zenith Way,EH,NL
AD0070,P-1066,41 Vector Way,EH,GB
AD0071,P-1020,160 Alfa Way,AB,GB
AD0072,P-1052,70 Wexford Way,NE,GB
AD0073,P-1083,93 Mistral Way,CF,GB
AD0074,P-1038,2 Orchard Way,LS,GB
AD0075,P-1098,10 Forge Way,NE,GB
AD0076,P-1228,236 Crest Way,SO,GB
AD0077,P-1131,108 Quartz Way,AB,IE
AD0078,P-1055,82 Quartz Way,AB,GB
AD0079,P-1082,83 Tundra Way,LS,IE
AD0080,P-1016,210 Crest Way,G,GB
AD0081,P-1062,149 Tundra Way,TR,GB
AD0082,P-1177,207 Umbra Way,LS,GB
AD0083,P-1078,172 Mistral Way,SO,GB
AD0084,P-1227,239 Ember Way,CF,GB
AD0085,P-1219,60 Orchard Way,G,GB
AD0086,P-1101,117 Forge Way,LS,IE
AD0087,P-1213,42 Keystone Way,TR,GB
AD0088,P-1063,132 Juno Way,TR,GB
AD0089,P-1187,78 Juno Way,CF,FR
AD0090,P-1224,164 Quartz Way,G,GB
AD0091,P-1214,65 Vector Way,TR,GB
AD0092,P-1153,220 Yarrow Way,AB,GB
AD0093,P-1191,220 Iron Way,LS,GB
AD0094,P-1012,111 Juno Way,TR,GB
AD0095,P-1014,167 Zenith Way,EH,GB
AD0096,P-1089,163 Harbor Way,NE,GB
AD0097,P-1224,143 Vector Way,NE,GB
AD0098,P-1184,228 Crest Way,NE,FR
AD0099,P-1117,118 Zenith Way,CF,GB
AD0100,P-1194,217 North Way,NE,GB
AD0101,P-1166,113 North Way,SO,FR
AD0102,P-1028,113 Granite Way,LS,GB
AD0103,P-1225,234 Zenith Way,NE,GB
AD0104,P-1140,127 Harbor Way,TR,GB
AD0105,P-1086,217 Granite Way,NE,FR
AD0106,P-1188,75 Yarrow Way,EH,GB
AD0107,P-1001,90 Lumen Way,NE,GB
AD0108,P-1099,210 Mistral Way,M,GB
AD0109,P-1216,77 Umbra Way,B,GB
AD0110,P-1205,61 Pinnacle Way,SO,GB
AD0111,P-1091,66 Lumen Way,CF,GB
AD0112,P-1231,226 North Way,SO,GB
AD0113,P-1041,85 Granite Way,B,GB
AD0114,P-1006,51 Pinnacle Way,AB,GB
AD0115,P-1216,197 Yarrow Way,SO,GB
AD0116,P-1030,143 Bravo Way,EH,GB
AD0117,P-1224,25 Rampart Way,NE,GB
AD0118,P-1178,96 Juno Way,CF,FR
AD0119,P-1041,40 Solstice Way,B,GB
AD0120,P-1067,154 Iron Way,NE,GB
AD0121,P-1008,3 Lumen Way,LS,GB
AD0122,P-1061,240 Ember Way,LS,GB
AD0123,P-1115,211 Crest Way,B,GB
AD0124,P-1004,120 Zenith Way,TR,GB
AD0125,P-1097,202 Zenith Way,TR,GB
AD0126,P-1115,18 Iron Way,EH,GB
AD0127,P-1138,87 Forge Way,EH,GB
AD0128,P-1152,195 Solstice Way,SO,FR
AD0129,P-1161,126 Wexford Way,EH,GB
AD0130,P-1191,205 Juno Way,CF,GB
AD0131,P-1003,116 Pinnacle Way,EH,GB
AD0132,P-1126,155 Vector Way,B,GB
AD0133,P-1066,228 Orchard Way,TR,GB
AD0134,P-1159,146 Rampart Way,M,NL
AD0135,P-1225,76 Ember Way,SO,GB
AD0136,P-1106,178 Harbor Way,AB,FR
AD0137,P-1150,38 Yarrow Way,TR,IE
AD0138,P-1175,62 Lumen Way,EH,GB
AD0139,P-1145,193 Pinnacle Way,B,GB
AD0140,P-1162,11 Ember Way,SO,NL
AD0141,P-1231,124 Alfa Way,CF,GB
AD0142,P-1235,13 North Way,TR,GB
AD0143,P-1097,215 Rampart Way,CF,GB
AD0144,P-1178,106 Iron Way,G,GB
AD0145,P-1227,67 North Way,SO,GB
AD0146,P-1046,175 Granite Way,LS,FR
AD0147,P-1141,202 Pinnacle Way,CF,FR
AD0148,P-1138,148 North Way,SO,IE
AD0149,P-1039,171 Tundra Way,CF,GB
AD0150,P-1126,206 Pinnacle Way,EH,GB
AD0151,P-1224,222 Iron Way,M,GB
AD0152,P-1210,174 Iron Way,LS,IE
AD0153,P-1152,86 Crest Way,LS,NL
AD0154,P-1010,183 Wexford Way,M,GB
AD0155,P-1221,133 Alfa Way,G,GB
AD0156,P-1034,194 Umbra Way,CF,GB
AD0157,P-1211,168 Yarrow Way,LS,GB
AD0158,P-1173,2 Rampart Way,LS,GB
AD0159,P-1216,223 Solstice Way,LS,GB
AD0160,P-1187,43 Harbor Way,TR,GB
AD0161,P-1171,236 Granite Way,G,GB
AD0162,P-1090,30 Forge Way,SO,GB
AD0163,P-1069,31 Wexford Way,TR,GB
AD0164,P-1014,231 Iron Way,M,GB
AD0165,P-1139,145 Harbor Way,SO,FR
AD0166,P-1127,44 Alfa Way,TR,GB
AD0167,P-1055,84 Alfa Way,EH,GB
AD0168,P-1056,193 Harbor Way,LS,GB
AD0169,P-1014,98 Bravo Way,EH,GB
AD0170,P-1191,177 Keystone Way,B,IE
AD0171,P-1112,103 Iron Way,M,GB
AD0172,P-1129,29 Rampart Way,B,FR
AD0173,P-1102,191 Alfa Way,G,GB
AD0174,P-1224,136 Juno Way,SO,GB
AD0175,P-1121,81 Orchard Way,B,GB
AD0176,P-1145,38 Umbra Way,LS,IE
AD0177,P-1152,185 Quartz Way,NE,GB
AD0178,P-1003,163 Iron Way,AB,GB
AD0179,P-1180,229 Alfa Way,TR,GB
AD0180,P-1129,155 Crest Way,EH,GB
AD0181,P-1101,63 Solstice Way,TR,GB
AD0182,P-1096,40 Ember Way,B,FR
AD0183,P-1216,151 Quartz Way,SO,GB
AD0184,P-1223,104 Granite Way,AB,GB
AD0185,P-1094,100 Solstice Way,TR,GB
AD0186,P-1082,50 Forge Way,G,GB
AD0187,P-1044,191 Lumen Way,LS,GB
AD0188,P-1188,127 Vector Way,B,NL
AD0189,P-1137,94 Crest Way,EH,GB
AD0190,P-1001,197 Pinnacle Way,TR,GB
AD0191,P-1059,72 Lumen Way,EH,NL
AD0192,P-1161,56 Tundra Way,CF,NL
AD0193,P-1217,117 Ember Way,B,IE
AD0194,P-1076,46 Umbra Way,CF,GB
AD0195,P-1183,43 Alfa Way,SO,GB
AD0196,P-1217,141 Delta Way,AB,GB
AD0197,P-1223,196 Delta Way,M,GB
AD0198,P-1059,129 Pinnacle Way,CF,GB
AD0199,P-1199,116 Granite Way,B,IE
AD0200,P-1044,187 Solstice Way,G,GB
AD0201,P-1215,6 Mistral Way,AB,GB
AD0202,P-1164,193 Solstice Way,AB,GB
AD0203,P-1236,160 Delta Way,G,IE
AD0204,P-1183,72 Orchard Way,B,GB
AD0205,P-1082,157 Alfa Way,SO,GB
AD0206,P-1211,131 Vector Way,TR,GB
AD0207,P-1225,168 Quartz Way,SO,GB
AD0208,P-1240,198 Quartz Way,LS,FR
AD0209,P-1188,129 Granite Way,NE,GB
AD0210,P-1033,165 Ember Way,B,NL
AD0211,P-1008,48 Lumen Way,LS,GB
AD0212,P-1183,77 Keystone Way,LS,NL
AD0213,P-1105,119 Umbra Way,TR,GB
AD0214,P-1126,190 Pinnacle Way,NE,GB
AD0215,P-1096,215 Keystone Way,AB,GB
AD0216,P-1112,195 Harbor Way,EH,GB
AD0217,P-1163,74 Alfa Way,TR,GB
AD0218,P-1136,240 Lumen Way,NE,GB
AD0219,P-1058,150 Crest Way,G,GB
AD0220,P-1190,239 Ember Way,CF,GB
AD0221,P-1232,15 Granite Way,CF,GB
AD0222,P-1068,51 Solstice Way,B,GB
AD0223,P-1183,15 Tundra Way,LS,GB
AD0224,P-1151,61 Wexford Way,B,GB
AD0225,P-1040,191 Lumen Way,NE,GB
AD0226,P-1181,80 Lumen Way,B,FR
AD0227,P-1222,73 Lumen Way,CF,GB
AD0228,P-1002,74 Quartz Way,AB,GB
AD0229,P-1219,225 Crest Way,SO,GB
AD0230,P-1033,197 Lumen Way,NE,IE
AD0231,P-1129,30 Harbor Way,NE,GB
AD0232,P-1008,116 Iron Way,G,GB
AD0233,P-1032,119 Quartz Way,AB,GB
AD0234,P-1218,36 Vector Way,M,GB
AD0235,P-1067,84 Pinnacle Way,TR,FR
AD0236,P-1239,179 Orchard Way,CF,GB
AD0237,P-1229,152 Mistral Way,EH,GB
AD0238,P-1037,154 Juno Way,CF,FR
AD0239,P-1067,219 Pinnacle Way,B,NL
AD0240,P-1202,66 Bravo Way,B,GB
AD0241,P-1196,29 Forge Way,NE,GB
AD0242,P-1188,4 Yarrow Way,EH,GB
AD0243,P-1080,32 Rampart Way,TR,GB
AD0244,P-1176,143 Crest Way,EH,GB
AD0245,P-1215,139 Bravo Way,G,NL
AD0246,P-1126,181 Alfa Way,NE,GB
AD0247,P-1226,8 Mistral Way,EH,GB
AD0248,P-1012,9 Crest Way,M,GB
AD0249,P-1127,215 Crest Way,B,GB
AD0250,P-1102,22 Vector Way,SO,IE
AD0251,P-1090,189 Tundra Way,TR,GB
AD0252,P-1078,177 Ember Way,EH,GB
AD0253,P-1128,166 Bravo Way,SO,IE
AD0254,P-1084,34 Solstice Way,M,GB
AD0255,P-1162,33 Juno Way,B,GB
AD0256,P-1196,229 Pinnacle Way,EH,NL
AD0257,P-1105,154 Umbra Way,EH,GB
AD0258,P-1210,105 Mistral Way,TR,GB
AD0259,P-1026,85 Orchard Way,TR,GB
AD0260,P-1140,203 Juno Way,EH,GB
AD0261,P-1053,13 Tundra Way,LS,IE
AD0262,P-1037,183 Yarrow Way,LS,GB
AD0263,P-1182,140 North Way,EH,GB
AD0264,P-1116,156 Wexford Way,EH,GB
AD0265,P-1005,43 Lumen Way,M,GB
AD0266,P-1113,6 Orchard Way,G,NL
AD0267,P-1110,130 Solstice Way,M,GB
AD0268,P-1035,113 Zenith Way,B,GB
AD0269,P-1094,29 Umbra Way,EH,FR
AD0270,P-1051,169 Keystone Way,TR,GB
AD0271,P-1084,1 Quartz Way,M,GB
AD0272,P-1153,43 Mistral Way,SO,NL
AD0273,P-1179,24 Solstice Way,G,IE
AD0274,P-1135,225 Orchard Way,M,GB
AD0275,P-1100,23 Vector Way,M,GB
AD0276,P-1223,70 Yarrow Way,M,FR
AD0277,P-1002,46 Juno Way,B,IE
AD0278,P-1146,133 Orchard Way,CF,GB
AD0279,P-1022,103 Granite Way,G,GB
AD0280,P-1054,218 Solstice Way,B,GB
AD0281,P-1001,39 Orchard Way,M,GB
AD0282,P-1185,229 Wexford Way,SO,IE
AD0283,P-1181,141 Zenith Way,NE,GB
AD0284,P-1078,149 Tundra Way,AB,GB
AD0285,P-1111,225 Delta Way,CF,GB
AD0286,P-1008,158 Wexford Way,M,GB
AD0287,P-1037,235 Orchard Way,M,GB
AD0288,P-1058,114 Mistral Way,M,GB
AD0289,P-1056,234 Harbor Way,G,IE
AD0290,P-1038,9 Alfa Way,SO,NL
AD0291,P-1200,66 Zenith Way,EH,GB
AD0292,P-1045,56 Solstice Way,M,FR
AD0293,P-1049,165 Keystone Way,AB,GB
AD0294,P-1107,150 Harbor Way,EH,FR
AD0295,P-1050,161 Granite Way,AB,GB
AD0296,P-1157,103 Umbra Way,TR,GB
AD0297,P-1108,154 Rampart Way,M,FR
AD0298,P-1055,23 Solstice Way,AB,GB
AD0299,P-1193,75 Mistral Way,G,GB
AD0300,P-1031,175 Vector Way,TR,GB
AD0301,P-1039,8 Wexford Way,G,GB
AD0302,P-1111,208 Forge Way,LS,GB
AD0303,P-1002,141 Solstice Way,B,GB
AD0304,P-1008,147 Yarrow Way,EH,GB
AD0305,P-1042,128 Harbor Way,CF,GB
AD0306,P-1044,29 Yarrow Way,G,GB
AD0307,P-1129,44 Delta Way,CF,NL
AD0308,P-1230,10 Wexford Way,M,GB
AD0309,P-1167,38 Mistral Way,EH,GB
AD0310,P-1004,139 Juno Way,G,NL
AD0311,P-1064,45 Quartz Way,LS,FR
AD0312,P-1136,5 Quartz Way,AB,GB
AD0313,P-1223,3 Rampart Way,AB,GB
AD0314,P-1071,138 Crest Way,G,GB
AD0315,P-1198,218 Quartz Way,G,GB
AD0316,P-1063,212 North Way,G,GB
AD0317,P-1190,74 Harbor Way,NE,GB
AD0318,P-1028,169 Delta Way,LS,GB
AD0319,P-1184,173 Orchard Way,AB,GB
AD0320,P-1159,96 Lumen Way,AB,NL
AD0321,P-1221,176 Iron Way,NE,GB
AD0322,P-1029,96 Vector Way,LS,GB
AD0323,P-1096,159 Lumen Way,NE,IE
AD0324,P-1099,25 Rampart Way,EH,GB
AD0325,P-1115,110 Tundra Way,EH,GB
AD0326,P-1227,152 Vector Way,NE,GB
AD0327,P-1140,35 Umbra Way,LS,GB
AD0328,P-1075,10 Bravo Way,TR,IE
AD0329,P-1158,172 Keystone Way,EH,GB
AD0330,P-1096,90 Wexford Way,NE,GB
AD0331,P-1094,72 Juno Way,NE,GB
AD0332,P-1127,22 Bravo Way,NE,GB
AD0333,P-1143,38 Harbor Way,AB,GB
AD0334,P-1119,188 Mistral Way,CF,GB
AD0335,P-1012,148 Pinnacle Way,EH,GB
AD0336,P-1070,234 North Way,AB,GB
AD0337,P-1064,232 Crest Way,EH,GB
AD0338,P-1024,76 Ember Way,M,GB
AD0339,P-1234,103 Harbor Way,AB,GB
AD0340,P-1239,135 Pinnacle Way,SO,GB
AD0341,P-1057,187 Solstice Way,NE,GB
AD0342,P-1152,208 Alfa Way,SO,GB
AD0343,P-1097,17 North Way,M,GB
AD0344,P-1020,170 Pinnacle Way,CF,NL
AD0345,P-1074,180 Harbor Way,B,GB
AD0346,P-1232,174 Juno Way,M,GB
AD0347,P-1160,153 Alfa Way,M,GB
AD0348,P-1127,46 Juno Way,LS,GB
AD0349,P-1023,149 Granite Way,LS,GB
AD0350,P-1145,54 Yarrow Way,G,GB
AD0351,P-1190,84 Mistral Way,M,GB
AD0352,P-1099,11 Umbra Way,NE,IE
AD0353,P-1123,13 Yarrow Way,AB,GB
AD0354,P-1239,76 Zenith Way,M,GB
AD0355,P-1042,138 Zenith Way,TR,GB
AD0356,P-1007,40 Yarrow Way,SO,FR
AD0357,P-1172,100 Zenith Way,B,GB
AD0358,P-1081,48 Delta Way,B,GB
AD0359,P-1170,72 Bravo Way,LS,GB
AD0360,P-1042,239 Granite Way,SO,GB
AD0361,P-1191,174 Ember Way,CF,GB
AD0362,P-1019,134 Yarrow Way,EH,GB
AD0363,P-1202,9 Crest Way,AB,GB
AD0364,P-1087,23 Alfa Way,AB,GB
AD0365,P-1138,158 Granite Way,AB,GB
AD0366,P-1169,80 Alfa Way,CF,GB
AD0367,P-1122,224 Quartz Way,NE,IE
AD0368,P-1103,142 Iron Way,EH,IE
AD0369,P-1023,72 North Way,EH,GB
AD0370,P-1046,172 Crest Way,SO,GB
AD0371,P-1023,181 Delta Way,TR,GB
AD0372,P-1065,126 Zenith Way,M,GB
AD0373,P-1231,164 Wexford Way,LS,GB
AD0374,P-1206,186 Bravo Way,EH,GB
AD0375,P-1239,2 Alfa Way,EH,GB
AD0376,P-1054,28 Bravo Way,TR,GB
AD0377,P-1176,90 Solstice Way,SO,FR
AD0378,P-1154,21 Vector Way,AB,GB
AD0379,P-1134,163 Orchard Way,NE,GB
AD0380,P-1135,47 Orchard Way,B,GB
