vin,reg_no,class_cd,depot,Status
VIN100,KU37 KHR,VC2,L-205,IN_SERVICE
VIN101,GE63 SLT,VC4,L-216,IN_SERVICE
VIN102,HX11 LSL,VC2,L-231,IN_SERVICE
VIN103,NG74 BNB,VC4,L-226,IN_SERVICE
VIN104,DP64 STO,VC1,L-230,IN_SERVICE
VIN105,PV67 PWO,VC5,L-235,VOR
VIN106,MD23 ACN,VC1,L-255,IN_SERVICE
VIN107,AM20 NWG,VC2,L-210,IN_SERVICE
VIN108,DE23 PFE,VC1,L-210,IN_SERVICE
VIN109,FN39 PPO,VC3,L-260,IN_SERVICE
VIN110,LW65 KFT,VC2,L-216,IN_SERVICE
VIN111,LB36 FWG,VC2,L-221,IN_SERVICE
VIN112,UC39 GKX,VC4,L-240,IN_SERVICE
VIN113,LS13 KYP,VC1,L-260,IN_SERVICE
VIN114,DV68 DKS,VC4,L-220,IN_SERVICE
VIN115,OC35 BTP,VC5,L-225,IN_SERVICE
VIN116,VK14 BUA,VC4,L-216,IN_SERVICE
VIN117,XS36 UET,VC3,L-210,VOR
VIN118,DR14 VRE,VC4,L-205,IN_SERVICE
VIN119,EG14 YGT,VC3,L-221,IN_SERVICE
VIN120,AD55 VSB,VC2,L-260,VOR
VIN121,LX56 RTP,VC1,L-250,IN_SERVICE
VIN122,EY17 RUL,VC5,L-240,IN_SERVICE
VIN123,NE55 KNE,VC3,L-246,IN_SERVICE
VIN124,NV37 HLG,VC2,L-251,VOR
VIN125,UO72 BHU,VC1,L-225,IN_SERVICE
VIN126,VW48 WTT,VC4,L-251,IN_SERVICE
VIN127,CR57 DMN,VC4,L-201,IN_SERVICE
VIN128,CF19 BMK,VC2,L-221,IN_SERVICE
VIN129,OY18 DCY,VC5,L-211,IN_SERVICE
VIN130,CY56 UTK,VC3,L-226,VOR
VIN131,AP44 RGX,VC3,L-216,IN_SERVICE
VIN132,EK36 KYA,VC5,L-250,IN_SERVICE
VIN133,YB27 VDF,VC5,L-231,IN_SERVICE
VIN134,EX39 PXA,VC2,L-246,IN_SERVICE
VIN135,GK10 RGU,VC3,L-245,VOR
VIN136,HK39 KKG,VC4,L-206,VOR
VIN137,EU12 MGY,VC2,L-260,DISPOSED
VIN138,EF62 NNA,VC1,L-225,DISPOSED
VIN139,CB22 UGS,VC4,L-211,IN_SERVICE
VIN140,KH28 KMM,VC3,L-205,IN_SERVICE
VIN141,MX66 UWU,VC2,L-251,IN_SERVICE
VIN142,LN72 DCO,VC1,L-260,IN_SERVICE
VIN143,EM67 TRP,VC5,L-220,IN_SERVICE
VIN144,HS65 MAO,VC4,L-251,IN_SERVICE
VIN145,PU33 KFB,VC1,L-230,VOR
VIN146,NC42 RPD,VC1,L-245,IN_SERVICE
VIN147,UG51 SEV,VC2,L-256,IN_SERVICE
VIN148,HW64 EAV,VC2,L-231,VOR
VIN149,MK52 PDN,VC4,L-236,IN_SERVICE
VIN150,PT66 MAR,VC4,L-246,IN_SERVICE
VIN151,AD37 CWF,VC4,L-210,IN_SERVICE
VIN152,AS38 WXD,VC5,L-206,IN_SERVICE
VIN153,SF67 OLX,VC2,L-255,VOR
VIN154,RY12 PUX,VC3,L-260,IN_SERVICE
VIN155,LB52 BVT,VC4,L-226,IN_SERVICE
VIN156,OC73 LTY,VC4,L-201,IN_SERVICE
VIN157,EF15 GCE,VC1,L-220,IN_SERVICE
VIN158,NY30 PGR,VC5,L-211,IN_SERVICE
VIN159,CT73 FHW,VC2,L-235,IN_SERVICE
VIN160,CB47 XLC,VC2,L-215,IN_SERVICE
VIN161,MK33 EVH,VC5,L-236,IN_SERVICE
VIN162,LU19 KBR,VC4,L-220,IN_SERVICE
VIN163,MY65 WBU,VC2,L-216,VOR
VIN164,VN68 DPR,VC2,L-250,IN_SERVICE
VIN165,GH66 GMH,VC1,L-221,IN_SERVICE
VIN166,NS34 KMA,VC1,L-225,IN_SERVICE
VIN167,MA52 KFV,VC5,L-221,IN_SERVICE
VIN168,OC40 RCH,VC5,L-220,IN_SERVICE
VIN169,WP43 KET,VC4,L-211,IN_SERVICE
VIN170,OS65 VKT,VC4,L-251,IN_SERVICE
VIN171,UW35 CCV,VC2,L-231,IN_SERVICE
VIN172,WG33 ENV,VC1,L-236,IN_SERVICE
VIN173,CA24 FRR,VC4,L-235,VOR
VIN174,UB73 WHG,VC5,L-221,IN_SERVICE
VIN175,PC13 RVM,VC5,L-220,IN_SERVICE
VIN176,AW32 FCB,VC3,L-221,IN_SERVICE
VIN177,UD54 BOX,VC4,L-246,VOR
VIN178,CU74 XBM,VC3,L-255,IN_SERVICE
VIN179,WH24 OVF,VC2,L-246,IN_SERVICE
VIN180,SV19 LNP,VC1,L-225,IN_SERVICE
VIN181,US22 UGB,VC1,L-255,IN_SERVICE
VIN182,MU59 YWC,VC3,L-201,IN_SERVICE
VIN183,YD75 HNW,VC1,L-205,IN_SERVICE
VIN184,CC74 AMM,VC2,L-236,IN_SERVICE
VIN185,NB50 LHP,VC1,L-216,DISPOSED
VIN186,OD13 EPY,VC1,L-245,VOR
VIN187,EY38 LYS,VC3,L-260,IN_SERVICE
VIN188,EV59 TXO,VC3,L-246,IN_SERVICE
VIN189,UB10 DAC,VC3,L-235,IN_SERVICE
VIN190,XY72 CPH,VC4,L-201,IN_SERVICE
VIN191,VA14 XTH,VC2,L-231,IN_SERVICE
VIN192,VX66 RYR,VC4,L-250,IN_SERVICE
VIN193,HK40 GNE,VC1,L-231,IN_SERVICE
VIN194,EO70 ETH,VC2,L-236,IN_SERVICE
VIN195,PE72 ENL,VC2,L-211,IN_SERVICE
VIN196,CG56 ULO,VC2,L-226,IN_SERVICE
VIN197,UC42 EOG,VC2,L-236,IN_SERVICE
VIN198,MO24 HPX,VC5,L-241,IN_SERVICE
VIN199,DM21 AMC,VC4,L-221,IN_SERVICE
VIN200,GM73 KMA,VC2,L-230,DISPOSED
VIN201,VS73 LNM,VC1,L-206,IN_SERVICE
VIN202,LK37 YOY,VC5,L-260,IN_SERVICE
VIN203,HK27 ESL,VC1,L-245,IN_SERVICE
VIN204,TB66 DUB,VC3,L-230,IN_SERVICE
VIN205,HB23 PKG,VC5,L-206,IN_SERVICE
VIN206,NR22 HHM,VC5,L-260,VOR
VIN207,NX58 TOY,VC2,L-251,VOR
VIN208,UH36 WEP,VC3,L-225,IN_SERVICE
VIN209,TX64 OXM,VC4,L-211,VOR
VIN210,MR21 RPK,VC3,L-245,IN_SERVICE
VIN211,CD62 XYE,VC2,L-220,IN_SERVICE
VIN212,XM61 FCH,VC2,L-215,IN_SERVICE
VIN213,FX65 DKK,VC1,L-236,IN_SERVICE
VIN214,DT28 VMR,VC1,L-211,IN_SERVICE
VIN215,UH54 HTT,VC3,L-245,IN_SERVICE
VIN216,LG71 XUP,VC4,L-230,IN_SERVICE
VIN217,ED73 DAH,VC1,L-210,IN_SERVICE
VIN218,OX25 BME,VC4,L-220,IN_SERVICE
VIN219,UT75 VSY,VC2,L-205,IN_SERVICE
