Id,vin,Date,litres,Amount
FL00001,VIN140,2025-11-29,211.4,240.60
FL00002,VIN174,2025-12-10,210.8,139.25
FL00003,VIN107,2025-10-28,217.5,214.63
FL00004,VIN143,2025-12-29,126.4,68.33
FL00005,VIN169,2026-04-21,228.8,115.90
FL00006,VIN160,2025-09-28,160.6,339.02
FL00007,VIN159,2025-02-19,117.4,169.76
FL00008,VIN151,2025-08-28,178.5,31.94
FL00009,VIN170,2025-02-06,139.1,261.31
FL00010,VIN187,2025-03-15,224.4,213.70
FL00011,VIN169,2025-10-12,24.1,101.52
FL00012,VIN160,2025-02-05,88.7,373.01
FL00013,VIN103,2026-05-14,191.8,107.98
FL00014,VIN178,2025-10-20,162.3,36.83
FL00015,VIN215,2025-09-08,205.2,110.55
FL00016,VIN201,2025-05-11,125.6,113.19
FL00017,VIN199,2025-07-01,86.5,111.50
FL00018,VIN203,2025-07-19,24.3,233.46
FL00019,VIN214,2025-10-25,132.0,45.29
FL00020,VIN158,2025-11-11,204.8,30.35
FL00021,VIN143,2025-08-11,200.7,262.79
FL00022,VIN124,2025-08-02,101.7,101.20
FL00023,VIN129,2025-06-23,85.4,222.16
FL00024,VIN160,2025-10-30,131.4,130.06
FL00025,VIN135,2025-12-05,126.7,350.92
FL00026,VIN133,2025-03-09,74.2,79.75
FL00027,VIN153,2025-01-19,176.5,183.47
FL00028,VIN181,2025-06-11,165.5,360.88
FL00029,VIN125,2025-09-20,141.3,292.62
FL00030,VIN138,2025-05-05,36.3,55.25
FL00031,VIN207,2025-07-29,233.5,70.01
FL00032,VIN174,2025-06-02,33.2,235.85
FL00033,VIN173,2025-01-05,143.9,358.35
FL00034,VIN125,2025-04-06,236.0,229.27
FL00035,VIN138,2025-05-14,234.4,231.89
FL00036,VIN210,2025-02-07,225.0,106.50
FL00037,VIN180,2025-10-20,190.3,151.17
FL00038,VIN203,2025-10-29,157.4,88.78
FL00039,VIN186,2025-02-14,183.0,217.74
FL00040,VIN176,2025-11-22,53.4,100.42
FL00041,VIN215,2026-03-29,173.1,34.92
FL00042,VIN201,2025-12-20,37.4,144.50
FL00043,VIN201,2025-02-20,175.3,141.22
FL00044,VIN138,2026-01-13,172.0,102.34
FL00045,VIN132,2025-06-16,83.3,187.10
FL00046,VIN131,2026-03-05,29.3,217.92
FL00047,VIN164,2025-04-27,130.5,211.13
FL00048,VIN134,2026-03-03,156.8,286.94
FL00049,VIN211,2026-05-04,178.7,230.75
FL00050,VIN159,2025-06-26,67.0,165.62
FL00051,VIN121,2025-11-27,69.7,49.43
FL00052,VIN205,2026-02-04,136.1,53.45
FL00053,VIN184,2026-05-13,153.3,244.28
FL00054,VIN209,2025-02-14,70.4,204.51
FL00055,VIN160,2025-09-30,68.1,375.19
FL00056,VIN158,2025-03-11,74.5,68.59
FL00057,VIN157,2026-03-14,238.6,32.13
FL00058,VIN186,2025-08-22,143.6,78.22
FL00059,VIN152,2026-03-20,225.3,135.99
FL00060,VIN105,2025-06-29,162.7,354.80
FL00061,VIN206,2025-08-29,107.8,112.15
FL00062,VIN124,2025-09-26,141.8,191.15
FL00063,VIN199,2026-01-26,178.3,318.94
FL00064,VIN120,2025-01-17,189.6,208.18
FL00065,VIN216,2026-05-28,139.2,321.30
FL00066,VIN148,2026-05-19,202.4,345.07
FL00067,VIN103,2025-05-12,235.0,96.43
FL00068,VIN154,2025-11-02,47.3,111.28
FL00069,VIN204,2025-04-03,24.6,143.91
FL00070,VIN177,2026-02-08,188.8,188.84
FL00071,VIN146,2025-08-16,203.3,195.37
FL00072,VIN142,2025-04-27,67.3,104.32
FL00073,VIN113,2025-02-13,159.0,375.52
FL00074,VIN122,2026-04-12,113.9,50.39
FL00075,VIN155,2025-02-01,221.4,76.54
FL00076,VIN210,2026-01-18,162.3,132.77
FL00077,VIN165,2025-01-25,164.5,118.10
FL00078,VIN216,2025-07-06,83.4,288.40
FL00079,VIN190,2026-05-21,186.9,332.69
FL00080,VIN124,2025-05-03,131.2,275.35
FL00081,VIN194,2025-06-24,214.7,97.13
FL00082,VIN174,2025-04-15,41.2,230.51
FL00083,VIN205,2026-03-22,201.7,37.85
FL00084,VIN169,2025-12-27,154.2,152.64
FL00085,VIN216,2026-05-03,177.9,154.41
FL00086,VIN136,2025-08-21,94.2,198.46
FL00087,VIN123,2026-01-04,141.9,277.70
FL00088,VIN127,2026-05-17,132.1,274.31
FL00089,VIN206,2025-03-06,147.3,252.49
FL00090,VIN192,2026-04-25,147.2,45.27
FL00091,VIN118,2025-03-12,20.2,128.00
FL00092,VIN157,2025-05-04,166.4,123.06
FL00093,VIN150,2026-05-05,106.7,353.02
FL00094,VIN216,2025-07-22,26.8,49.89
FL00095,VIN101,2025-07-24,170.7,139.81
FL00096,VIN187,2026-05-15,227.6,126.86
FL00097,VIN219,2025-12-27,64.7,214.87
FL00098,VIN156,2025-01-31,217.8,239.38
FL00099,VIN119,2025-01-30,220.6,334.71
FL00100,VIN175,2026-04-25,105.4,133.78
FL00101,VIN219,2025-01-01,93.9,56.24
FL00102,VIN146,2026-03-28,160.2,188.34
FL00103,VIN199,2025-05-15,24.0,227.55
FL00104,VIN112,2026-05-02,99.2,156.19
FL00105,VIN167,2025-11-17,112.2,374.60
FL00106,VIN181,2025-02-07,201.4,110.38
FL00107,VIN102,2026-02-01,197.4,302.92
FL00108,VIN119,2025-07-02,155.1,169.65
FL00109,VIN140,2025-02-10,138.2,70.59
FL00110,VIN157,2026-05-13,27.3,101.33
FL00111,VIN176,2026-02-18,27.7,333.92
FL00112,VIN214,2026-02-21,206.9,172.12
FL00113,VIN180,2025-12-27,201.4,75.67
FL00114,VIN183,2025-06-24,212.1,267.58
FL00115,VIN196,2026-03-01,44.5,325.64
FL00116,VIN168,2025-10-01,80.6,114.71
FL00117,VIN119,2025-04-14,209.2,340.21
FL00118,VIN104,2026-02-27,237.9,166.86
FL00119,VIN136,2025-08-19,128.3,286.68
FL00120,VIN151,2026-03-31,236.3,158.95
FL00121,VIN160,2026-01-09,75.2,102.98
FL00122,VIN123,2025-09-22,197.2,158.14
FL00123,VIN146,2025-03-17,231.9,257.90
FL00124,VIN143,2026-01-09,78.4,122.38
FL00125,VIN212,2025-04-15,228.5,184.59
FL00126,VIN143,2026-01-26,143.8,338.66
FL00127,VIN184,2025-02-21,131.9,246.81
FL00128,VIN125,2026-02-18,140.8,185.31
FL00129,VIN130,2025-09-05,139.5,202.14
FL00130,VIN100,2025-07-17,173.1,145.65
FL00131,VIN105,2026-04-29,176.7,157.30
FL00132,VIN189,2025-03-16,147.2,260.03
FL00133,VIN204,2026-05-08,129.4,31.54
FL00134,VIN142,2025-03-04,88.5,131.88
FL00135,VIN173,2026-01-02,45.5,235.15
FL00136,VIN213,2025-10-08,113.0,301.48
FL00137,VIN211,2025-07-05,114.8,49.89
FL00138,VIN148,2025-02-03,81.5,129.38
FL00139,VIN172,2025-07-28,179.8,297.27
FL00140,VIN134,2025-08-02,90.8,71.51
FL00141,VIN163,2025-06-08,203.8,107.99
FL00142,VIN150,2025-02-21,224.3,33.17
FL00143,VIN217,2026-01-05,113.4,172.37
FL00144,VIN117,2025-06-30,36.5,181.83
FL00145,VIN113,2025-05-30,174.6,239.71
FL00146,VIN161,2025-05-20,47.0,152.98
FL00147,VIN180,2025-05-25,141.9,366.02
FL00148,VIN103,2025-09-29,230.3,160.76
FL00149,VIN214,2025-03-06,37.8,293.09
FL00150,VIN214,2025-04-01,218.5,259.58
FL00151,VIN203,2025-07-30,209.1,310.16
FL00152,VIN189,2026-03-07,227.5,246.69
FL00153,VIN117,2026-02-01,110.6,329.72
FL00154,VIN211,2025-02-05,116.3,92.14
FL00155,VIN111,2026-02-03,35.3,257.18
FL00156,VIN125,2025-11-17,214.0,59.77
FL00157,VIN213,2026-04-26,137.3,40.00
FL00158,VIN160,2026-01-30,97.6,280.58
FL00159,VIN211,2026-01-15,60.0,302.02
FL00160,VIN121,2025-10-09,99.0,193.72
FL00161,VIN103,2025-01-25,30.0,372.21
FL00162,VIN145,2025-12-21,173.6,140.29
FL00163,VIN118,2025-12-26,149.3,160.21
FL00164,VIN158,2025-09-30,47.0,266.84
FL00165,VIN132,2025-07-03,200.4,169.36
FL00166,VIN107,2025-12-15,223.4,289.63
FL00167,VIN105,2026-01-20,166.0,242.30
FL00168,VIN100,2026-04-12,56.3,63.29
FL00169,VIN181,2026-05-25,45.2,48.52
FL00170,VIN154,2025-03-03,178.9,328.03
FL00171,VIN129,2026-02-02,221.6,132.96
FL00172,VIN138,2025-10-04,195.6,306.50
FL00173,VIN214,2025-12-10,121.5,109.75
FL00174,VIN206,2026-04-14,194.7,37.44
FL00175,VIN206,2025-04-14,165.2,97.29
FL00176,VIN138,2026-03-11,42.5,57.37
FL00177,VIN191,2025-11-12,31.6,346.21
FL00178,VIN117,2026-03-02,105.5,337.58
FL00179,VIN124,2025-03-16,37.6,91.40
FL00180,VIN212,2025-03-10,27.3,268.62
FL00181,VIN199,2026-03-11,150.3,278.96
FL00182,VIN197,2025-05-12,238.6,55.83
FL00183,VIN212,2026-02-25,136.9,226.35
FL00184,VIN180,2026-03-16,144.6,324.97
FL00185,VIN167,2025-01-03,150.2,159.16
FL00186,VIN205,2026-05-22,200.2,249.13
FL00187,VIN134,2026-02-28,187.8,72.27
FL00188,VIN103,2025-07-01,75.6,139.90
FL00189,VIN169,2026-05-26,217.8,123.28
FL00190,VIN170,2026-03-27,51.7,267.89
FL00191,VIN156,2025-10-24,228.1,164.26
FL00192,VIN119,2025-12-20,80.3,342.87
FL00193,VIN135,2025-10-21,27.3,195.04
FL00194,VIN201,2025-04-22,56.8,353.93
FL00195,VIN133,2025-06-22,46.0,208.66
FL00196,VIN189,2025-10-07,155.4,238.60
FL00197,VIN187,2025-01-16,82.5,59.23
FL00198,VIN158,2025-08-31,187.4,72.69
FL00199,VIN168,2026-04-19,215.1,245.93
FL00200,VIN189,2026-03-23,39.8,196.28
FL00201,VIN176,2026-04-15,81.9,321.47
FL00202,VIN135,2025-09-08,48.5,269.08
FL00203,VIN202,2026-04-28,82.4,304.65
FL00204,VIN131,2025-04-02,68.4,315.11
FL00205,VIN126,2026-05-16,102.4,58.02
FL00206,VIN174,2026-05-29,61.3,171.80
FL00207,VIN109,2025-08-07,226.5,221.61
FL00208,VIN199,2025-01-22,186.6,101.39
FL00209,VIN159,2025-10-26,153.4,319.98
FL00210,VIN218,2025-08-08,127.4,163.25
FL00211,VIN157,2026-02-06,71.6,164.07
FL00212,VIN151,2025-07-25,181.3,307.18
FL00213,VIN201,2025-09-30,215.8,222.41
FL00214,VIN185,2025-04-12,205.5,178.00
FL00215,VIN187,2026-05-16,152.6,151.53
FL00216,VIN192,2026-05-19,176.9,234.85
FL00217,VIN140,2026-03-14,134.2,341.12
FL00218,VIN121,2025-12-25,106.1,166.59
FL00219,VIN204,2025-04-19,24.2,213.72
FL00220,VIN124,2025-06-21,94.1,139.28
FL00221,VIN133,2025-10-19,113.7,105.59
FL00222,VIN197,2026-03-11,83.9,175.06
FL00223,VIN190,2025-03-15,22.8,205.54
FL00224,VIN204,2025-12-10,113.5,314.00
FL00225,VIN171,2025-07-25,85.7,358.62
FL00226,VIN118,2025-11-26,20.5,161.79
FL00227,VIN139,2026-03-30,31.8,307.04
FL00228,VIN167,2026-05-27,236.5,40.56
FL00229,VIN116,2025-06-16,97.1,193.59
FL00230,VIN194,2025-05-13,178.5,189.95
FL00231,VIN213,2025-06-07,228.2,160.62
FL00232,VIN204,2025-04-08,211.4,258.83
FL00233,VIN123,2025-08-11,74.1,317.38
FL00234,VIN142,2025-03-09,150.0,199.80
FL00235,VIN131,2025-05-02,98.7,303.39
FL00236,VIN197,2026-01-14,237.9,314.09
FL00237,VIN175,2025-12-06,121.6,135.68
FL00238,VIN180,2026-04-29,108.0,360.39
FL00239,VIN105,2025-12-29,121.0,102.22
FL00240,VIN194,2025-07-31,28.4,341.43
FL00241,VIN128,2025-04-01,57.2,375.79
FL00242,VIN186,2025-04-18,217.1,184.05
FL00243,VIN165,2026-04-20,54.9,153.01
FL00244,VIN174,2026-02-14,177.8,315.32
FL00245,VIN123,2025-02-28,149.3,268.50
FL00246,VIN142,2026-02-12,218.3,195.11
FL00247,VIN161,2025-07-03,92.5,360.40
FL00248,VIN119,2026-02-21,222.2,206.73
FL00249,VIN153,2026-01-15,129.5,128.32
FL00250,VIN157,2025-04-05,118.4,117.87
FL00251,VIN144,2025-01-10,169.8,65.32
FL00252,VIN104,2025-03-26,180.0,177.71
FL00253,VIN128,2025-07-15,219.5,101.11
FL00254,VIN123,2025-06-16,220.4,244.56
FL00255,VIN189,2025-12-24,207.5,360.43
FL00256,VIN129,2025-05-22,237.2,377.69
FL00257,VIN205,2025-10-17,213.1,269.31
FL00258,VIN182,2025-07-19,83.9,207.88
FL00259,VIN174,2026-03-23,56.2,45.53
FL00260,VIN163,2026-05-19,33.1,179.47
FL00261,VIN118,2025-06-01,102.3,180.78
FL00262,VIN136,2025-10-19,177.3,166.73
FL00263,VIN204,2025-04-04,84.4,64.89
FL00264,VIN184,2025-09-26,230.1,95.40
FL00265,VIN177,2025-10-23,189.5,128.95
FL00266,VIN154,2026-03-04,21.3,65.48
FL00267,VIN168,2025-02-07,129.9,50.06
FL00268,VIN147,2025-03-01,119.1,162.73
FL00269,VIN165,2025-10-20,73.1,335.86
FL00270,VIN181,2025-06-19,224.0,244.26
FL00271,VIN200,2026-03-14,97.6,46.29
FL00272,VIN179,2025-11-03,110.4,96.19
FL00273,VIN107,2025-07-20,24.4,321.64
FL00274,VIN172,2025-05-17,131.0,205.98
FL00275,VIN171,2025-08-27,159.9,147.55
FL00276,VIN146,2025-08-30,162.3,329.98
FL00277,VIN199,2025-08-24,167.8,369.29
FL00278,VIN143,2025-08-12,31.9,59.82
FL00279,VIN127,2025-04-02,105.2,89.45
FL00280,VIN122,2025-11-19,88.0,94.86
FL00281,VIN116,2026-04-24,231.4,219.98
FL00282,VIN169,2025-12-22,145.0,100.71
FL00283,VIN180,2025-01-19,70.2,301.37
FL00284,VIN114,2026-02-17,190.9,203.24
FL00285,VIN150,2025-12-25,140.5,107.61
FL00286,VIN215,2025-09-09,35.9,58.36
FL00287,VIN117,2025-09-24,226.7,322.39
FL00288,VIN185,2025-02-21,173.9,168.51
FL00289,VIN211,2025-03-17,239.0,267.69
FL00290,VIN214,2026-04-11,220.3,222.57
FL00291,VIN189,2025-10-23,33.9,247.13
FL00292,VIN209,2025-03-17,44.8,55.17
FL00293,VIN207,2025-08-27,35.4,310.39
FL00294,VIN164,2025-03-17,126.2,103.09
FL00295,VIN180,2025-05-29,209.7,375.24
FL00296,VIN155,2025-01-08,166.2,92.00
FL00297,VIN185,2025-09-04,125.0,231.19
FL00298,VIN212,2025-12-11,37.5,345.55
FL00299,VIN189,2025-05-04,85.5,344.90
FL00300,VIN134,2025-04-16,64.9,282.89
FL00301,VIN193,2026-02-20,111.2,109.73
FL00302,VIN177,2025-05-19,41.9,272.95
FL00303,VIN138,2025-06-15,89.0,357.18
FL00304,VIN202,2025-01-09,138.1,178.16
FL00305,VIN212,2026-03-27,90.8,143.22
FL00306,VIN182,2025-06-30,141.7,183.64
FL00307,VIN122,2026-04-13,114.5,274.66
FL00308,VIN199,2025-05-06,205.7,94.99
FL00309,VIN198,2025-03-27,199.4,87.77
FL00310,VIN112,2025-03-10,36.5,241.97
FL00311,VIN135,2026-01-25,158.5,225.74
FL00312,VIN108,2025-05-25,69.2,238.85
FL00313,VIN101,2025-09-25,192.6,307.09
FL00314,VIN211,2026-05-11,219.3,87.16
FL00315,VIN112,2025-11-14,164.2,283.22
FL00316,VIN210,2026-04-23,85.7,243.48
FL00317,VIN166,2025-08-09,58.6,183.56
FL00318,VIN212,2026-03-22,125.7,140.12
FL00319,VIN123,2025-04-03,31.0,100.11
FL00320,VIN137,2026-03-12,165.5,63.47
FL00321,VIN138,2026-03-01,223.2,106.12
FL00322,VIN189,2026-01-05,149.2,350.90
FL00323,VIN178,2025-07-07,30.7,108.79
FL00324,VIN156,2025-03-12,119.5,316.27
FL00325,VIN128,2025-07-15,114.6,194.53
FL00326,VIN102,2025-05-13,177.0,167.08
FL00327,VIN216,2025-02-12,76.5,300.69
FL00328,VIN170,2026-01-23,221.6,339.63
FL00329,VIN129,2026-03-31,191.3,349.04
FL00330,VIN213,2025-03-07,123.7,122.89
FL00331,VIN106,2025-02-22,112.8,178.70
FL00332,VIN148,2025-09-23,28.5,164.09
FL00333,VIN125,2025-05-05,126.7,158.49
FL00334,VIN197,2025-12-30,95.8,31.33
FL00335,VIN100,2026-04-26,207.8,124.47
FL00336,VIN173,2025-04-01,232.3,175.40
FL00337,VIN164,2026-05-27,77.3,35.29
FL00338,VIN207,2025-08-01,182.0,222.86
FL00339,VIN122,2025-08-12,42.5,153.56
FL00340,VIN191,2025-09-07,105.2,159.83
FL00341,VIN190,2025-09-28,206.7,248.89
FL00342,VIN135,2026-03-14,24.3,236.28
FL00343,VIN216,2025-06-15,155.4,153.57
FL00344,VIN107,2025-10-19,47.1,118.26
FL00345,VIN159,2026-02-03,229.7,278.14
FL00346,VIN141,2026-01-16,70.4,295.31
FL00347,VIN116,2026-04-11,205.4,340.29
FL00348,VIN203,2025-10-31,81.0,266.98
FL00349,VIN188,2025-09-25,141.4,310.54
FL00350,VIN103,2025-07-29,46.3,236.17
FL00351,VIN138,2026-01-15,31.3,371.13
FL00352,VIN199,2025-04-28,187.8,158.18
FL00353,VIN122,2026-04-19,166.0,254.41
FL00354,VIN206,2026-02-27,171.4,334.56
FL00355,VIN187,2025-11-04,173.4,120.16
FL00356,VIN116,2025-02-22,51.8,267.33
FL00357,VIN148,2025-08-31,124.6,170.96
FL00358,VIN189,2025-03-07,54.3,164.49
FL00359,VIN186,2025-03-19,74.4,338.73
FL00360,VIN195,2025-05-08,237.3,247.17
FL00361,VIN198,2025-11-17,27.4,87.90
FL00362,VIN215,2026-03-13,176.2,139.66
FL00363,VIN138,2025-09-17,45.7,378.39
FL00364,VIN108,2025-12-27,231.2,129.71
FL00365,VIN122,2026-02-05,46.5,41.70
FL00366,VIN117,2025-10-20,76.4,309.68
FL00367,VIN210,2026-03-04,231.6,259.93
FL00368,VIN165,2025-12-08,159.4,53.41
FL00369,VIN214,2025-07-28,65.5,256.60
FL00370,VIN170,2025-06-30,199.9,62.07
FL00371,VIN144,2026-01-13,175.8,280.04
FL00372,VIN168,2025-05-31,50.0,240.22
FL00373,VIN174,2025-07-15,154.2,191.93
FL00374,VIN165,2026-03-07,151.4,232.82
FL00375,VIN202,2025-09-04,220.8,376.92
FL00376,VIN133,2025-02-05,53.3,363.42
FL00377,VIN202,2025-06-06,198.5,274.58
FL00378,VIN177,2025-11-01,82.8,128.94
FL00379,VIN172,2026-03-03,197.0,200.69
FL00380,VIN188,2025-11-24,51.4,315.20
FL00381,VIN192,2025-11-03,87.7,228.77
FL00382,VIN185,2026-04-23,219.4,135.66
FL00383,VIN176,2026-04-14,210.8,375.65
FL00384,VIN107,2025-11-03,211.9,263.35
FL00385,VIN123,2025-03-08,155.9,192.46
FL00386,VIN194,2025-08-24,216.6,341.63
FL00387,VIN102,2025-05-28,134.4,55.54
FL00388,VIN123,2025-09-01,164.6,296.71
FL00389,VIN187,2025-12-26,43.5,70.34
FL00390,VIN130,2025-09-25,105.7,311.35
FL00391,VIN162,2025-11-18,145.2,152.95
FL00392,VIN186,2025-02-05,156.5,374.29
FL00393,VIN129,2025-05-03,166.6,115.73
FL00394,VIN205,2025-02-23,36.5,65.74
FL00395,VIN198,2025-04-04,39.0,215.10
FL00396,VIN140,2026-03-27,127.2,205.60
FL00397,VIN163,2025-11-12,113.3,171.31
FL00398,VIN105,2025-10-25,114.6,278.73
FL00399,VIN131,2025-09-08,84.1,207.18
FL00400,VIN112,2026-04-25,40.2,132.89
FL00401,VIN201,2025-08-14,123.3,285.37
FL00402,VIN105,2025-10-27,73.2,194.30
FL00403,VIN116,2025-02-20,233.6,110.80
FL00404,VIN209,2025-11-03,179.0,57.16
FL00405,VIN145,2026-04-10,51.5,291.76
FL00406,VIN172,2025-09-13,201.2,33.55
FL00407,VIN114,2025-05-21,162.7,160.02
FL00408,VIN191,2025-10-05,48.3,201.31
FL00409,VIN203,2026-01-28,207.0,348.90
FL00410,VIN134,2025-01-01,79.4,116.75
FL00411,VIN219,2025-12-01,191.4,40.71
FL00412,VIN198,2025-10-24,56.4,296.53
FL00413,VIN219,2025-03-09,154.0,379.90
FL00414,VIN130,2026-04-30,64.0,188.70
FL00415,VIN110,2025-08-24,143.5,214.18
FL00416,VIN171,2025-06-28,182.6,286.65
FL00417,VIN172,2026-04-15,170.6,349.45
FL00418,VIN113,2026-04-23,221.3,152.01
FL00419,VIN213,2025-02-23,118.6,322.77
FL00420,VIN162,2025-08-24,195.1,311.46
FL00421,VIN189,2025-02-23,228.6,230.97
FL00422,VIN151,2025-04-19,67.3,277.78
FL00423,VIN117,2026-01-14,125.3,44.02
FL00424,VIN202,2025-07-11,221.5,140.33
FL00425,VIN174,2025-05-25,29.0,228.59
FL00426,VIN178,2025-09-09,85.3,365.02
FL00427,VIN184,2025-02-23,65.5,125.51
FL00428,VIN212,2025-09-15,67.9,350.05
FL00429,VIN181,2026-01-20,213.8,89.90
FL00430,VIN183,2025-11-02,68.4,184.12
FL00431,VIN180,2025-11-11,63.6,218.76
FL00432,VIN207,2026-01-17,138.9,373.98
FL00433,VIN112,2026-02-19,194.9,330.19
FL00434,VIN150,2025-12-08,135.2,107.49
FL00435,VIN145,2026-02-20,160.8,251.19
FL00436,VIN200,2025-07-31,60.9,136.29
FL00437,VIN200,2026-05-28,120.2,348.76
FL00438,VIN173,2025-06-28,152.5,208.43
FL00439,VIN113,2025-03-14,157.2,300.93
FL00440,VIN183,2026-04-30,40.1,106.95
FL00441,VIN207,2026-01-31,118.9,258.47
FL00442,VIN159,2025-04-05,60.8,85.81
FL00443,VIN156,2026-05-11,30.9,201.65
FL00444,VIN141,2025-07-26,60.9,96.49
FL00445,VIN109,2025-11-13,37.0,59.62
FL00446,VIN203,2026-01-07,81.8,142.17
FL00447,VIN183,2026-01-20,132.9,216.31
FL00448,VIN101,2025-03-05,23.8,329.26
FL00449,VIN175,2025-05-24,238.3,344.99
FL00450,VIN102,2025-03-08,169.6,288.19
FL00451,VIN139,2026-04-26,129.2,265.07
FL00452,VIN205,2025-10-30,44.8,93.81
FL00453,VIN170,2025-11-09,132.7,225.23
FL00454,VIN204,2026-05-20,83.7,40.36
FL00455,VIN152,2025-05-22,143.8,33.96
FL00456,VIN102,2025-02-12,199.6,283.30
FL00457,VIN159,2026-03-17,124.1,280.65
FL00458,VIN185,2025-07-16,140.8,74.16
FL00459,VIN188,2026-05-31,193.6,175.85
FL00460,VIN199,2025-12-11,77.7,193.10
FL00461,VIN175,2026-04-23,45.1,74.62
FL00462,VIN107,2026-03-17,202.2,278.94
FL00463,VIN165,2026-01-08,35.8,291.27
FL00464,VIN156,2025-06-14,85.6,58.85
FL00465,VIN127,2025-06-30,215.3,261.94
FL00466,VIN153,2025-12-20,75.9,347.22
FL00467,VIN159,2026-04-16,196.1,113.02
FL00468,VIN194,2025-01-30,203.1,367.96
FL00469,VIN155,2025-04-10,23.6,217.27
FL00470,VIN148,2025-10-17,197.2,264.05
FL00471,VIN166,2025-08-01,162.9,330.36
FL00472,VIN126,2026-03-22,41.2,317.73
FL00473,VIN138,2025-07-14,44.9,44.86
FL00474,VIN152,2025-04-19,159.9,121.94
FL00475,VIN200,2025-03-16,77.6,376.67
FL00476,VIN128,2025-08-30,154.1,123.44
FL00477,VIN124,2025-04-22,204.4,86.80
FL00478,VIN104,2025-11-28,206.2,300.33
FL00479,VIN159,2025-01-14,76.7,224.91
FL00480,VIN212,2026-02-13,199.8,344.49
FL00481,VIN165,2026-05-09,210.6,52.23
FL00482,VIN148,2025-06-23,191.9,141.08
FL00483,VIN163,2026-02-09,194.5,89.76
FL00484,VIN141,2025-04-28,112.6,79.37
FL00485,VIN161,2025-04-21,214.9,376.62
FL00486,VIN119,2026-03-06,192.1,43.01
FL00487,VIN200,2025-05-08,56.9,34.96
FL00488,VIN216,2026-02-18,216.1,320.66
FL00489,VIN112,2026-03-20,92.6,262.79
FL00490,VIN103,2026-02-23,125.0,360.16
FL00491,VIN144,2025-09-13,160.1,252.98
FL00492,VIN175,2026-04-07,71.0,218.58
FL00493,VIN112,2025-08-06,110.8,341.44
FL00494,VIN137,2025-11-27,123.5,253.12
FL00495,VIN126,2026-04-02,176.7,30.75
FL00496,VIN106,2025-02-25,161.1,265.01
FL00497,VIN134,2026-02-14,204.3,35.17
FL00498,VIN199,2026-05-21,138.3,140.65
FL00499,VIN139,2025-09-09,36.5,128.08
FL00500,VIN160,2026-04-24,20.8,74.42
FL00501,VIN198,2025-09-02,104.1,139.85
FL00502,VIN219,2025-08-15,44.9,199.57
FL00503,VIN165,2026-03-30,54.7,162.74
FL00504,VIN186,2026-04-12,199.4,286.61
FL00505,VIN219,2025-07-18,77.9,354.63
FL00506,VIN193,2026-04-25,91.1,136.35
FL00507,VIN185,2025-09-27,129.3,101.70
FL00508,VIN123,2025-11-12,228.9,181.66
FL00509,VIN178,2025-12-25,66.7,343.40
FL00510,VIN118,2025-04-10,177.7,103.44
FL00511,VIN141,2025-04-09,185.1,216.00
FL00512,VIN158,2026-02-23,168.7,226.88
FL00513,VIN149,2025-04-14,106.2,230.33
FL00514,VIN118,2025-07-01,76.7,307.78
FL00515,VIN166,2026-04-21,48.3,152.51
FL00516,VIN181,2026-01-14,107.9,160.08
FL00517,VIN127,2025-12-21,206.3,288.14
FL00518,VIN150,2026-05-03,105.3,95.17
FL00519,VIN210,2025-06-07,178.4,375.63
FL00520,VIN141,2025-05-24,176.1,161.94
FL00521,VIN162,2025-09-15,112.5,51.43
FL00522,VIN166,2025-01-10,152.6,82.07
FL00523,VIN161,2025-05-29,192.7,374.07
FL00524,VIN212,2025-09-11,173.9,340.56
FL00525,VIN146,2025-09-17,57.3,264.75
FL00526,VIN132,2025-09-28,188.2,212.61
FL00527,VIN149,2025-09-29,74.7,151.99
FL00528,VIN194,2025-05-19,50.6,342.18
FL00529,VIN180,2026-05-29,182.9,81.35
FL00530,VIN199,2025-08-01,41.7,202.98
FL00531,VIN143,2025-09-26,53.5,46.47
FL00532,VIN120,2025-12-17,113.1,207.25
FL00533,VIN195,2025-03-25,81.8,282.31
FL00534,VIN176,2026-01-17,145.8,247.59
FL00535,VIN197,2025-01-07,198.7,110.70
FL00536,VIN213,2026-01-05,102.6,205.57
FL00537,VIN105,2025-05-26,62.9,106.95
FL00538,VIN162,2026-03-22,209.4,141.03
FL00539,VIN146,2025-01-24,98.7,39.90
FL00540,VIN138,2026-01-22,63.2,71.75
FL00541,VIN120,2025-12-17,36.1,281.17
FL00542,VIN144,2026-01-06,99.4,32.87
FL00543,VIN169,2025-06-09,128.0,370.04
FL00544,VIN139,2025-06-12,87.2,359.53
FL00545,VIN213,2026-04-26,47.1,301.16
FL00546,VIN141,2025-07-16,21.0,330.01
FL00547,VIN192,2025-11-21,178.7,310.13
FL00548,VIN157,2025-10-12,115.5,112.84
FL00549,VIN158,2025-08-20,142.5,30.64
FL00550,VIN149,2025-05-02,172.7,368.52
FL00551,VIN193,2025-12-15,123.5,371.28
FL00552,VIN171,2025-01-27,99.8,46.89
FL00553,VIN124,2025-12-14,171.9,102.48
FL00554,VIN130,2026-02-13,187.5,103.74
FL00555,VIN139,2026-01-09,225.9,282.10
FL00556,VIN108,2026-01-06,102.7,136.17
FL00557,VIN156,2025-12-23,192.1,33.99
FL00558,VIN131,2025-12-02,152.8,329.23
FL00559,VIN182,2025-06-23,45.4,248.75
FL00560,VIN106,2025-06-04,220.7,354.26
FL00561,VIN182,2026-03-12,121.8,33.43
FL00562,VIN122,2025-05-29,226.3,57.76
FL00563,VIN196,2025-07-06,118.5,355.96
FL00564,VIN105,2026-04-21,233.9,169.39
FL00565,VIN137,2026-03-08,199.0,101.75
FL00566,VIN188,2026-04-23,74.9,54.28
FL00567,VIN161,2026-05-04,193.8,135.87
FL00568,VIN183,2025-06-25,133.7,119.10
FL00569,VIN174,2025-04-07,85.6,172.03
FL00570,VIN197,2025-10-28,170.7,36.05
FL00571,VIN173,2025-02-10,123.1,253.57
FL00572,VIN146,2026-03-22,86.5,289.00
FL00573,VIN146,2026-04-21,62.8,367.79
FL00574,VIN170,2026-03-21,158.6,243.22
FL00575,VIN146,2025-07-02,127.7,276.16
FL00576,VIN150,2026-05-22,183.5,81.76
FL00577,VIN128,2026-01-22,232.8,238.03
FL00578,VIN189,2025-10-07,175.7,191.33
FL00579,VIN137,2025-06-23,34.5,68.70
FL00580,VIN184,2025-04-25,60.5,76.65
FL00581,VIN188,2026-04-24,216.7,38.00
FL00582,VIN140,2025-06-16,134.1,97.74
FL00583,VIN168,2025-04-24,34.4,365.83
FL00584,VIN166,2025-02-10,215.4,344.90
FL00585,VIN140,2025-02-19,108.9,184.62
FL00586,VIN145,2025-09-12,178.9,180.82
FL00587,VIN103,2025-10-05,225.6,111.46
FL00588,VIN215,2025-04-13,182.8,343.40
FL00589,VIN204,2025-04-26,149.6,198.88
FL00590,VIN117,2026-05-12,150.5,258.57
FL00591,VIN206,2025-12-28,138.2,316.01
FL00592,VIN127,2025-05-19,209.7,222.81
FL00593,VIN168,2025-05-04,154.1,210.35
FL00594,VIN143,2025-06-14,175.4,376.95
FL00595,VIN126,2025-11-07,187.9,191.34
FL00596,VIN207,2025-03-22,84.1,365.09
FL00597,VIN176,2025-04-06,96.3,186.08
FL00598,VIN214,2025-05-29,222.2,77.32
FL00599,VIN117,2025-04-12,203.1,63.13
FL00600,VIN132,2025-12-09,109.9,146.82
FL00601,VIN141,2026-03-03,26.6,168.14
FL00602,VIN126,2026-03-23,124.9,61.76
FL00603,VIN156,2026-01-23,52.4,34.86
FL00604,VIN152,2025-04-23,120.1,181.54
FL00605,VIN178,2026-02-26,128.3,183.61
FL00606,VIN208,2025-11-23,145.9,330.94
FL00607,VIN105,2025-06-20,190.1,234.14
FL00608,VIN173,2025-04-10,167.3,76.99
FL00609,VIN108,2026-04-25,69.1,112.15
FL00610,VIN105,2026-03-05,41.1,253.21
FL00611,VIN127,2025-03-02,84.0,216.78
FL00612,VIN146,2026-05-11,172.3,129.67
FL00613,VIN114,2025-12-26,46.8,277.17
FL00614,VIN157,2025-04-29,219.8,120.73
FL00615,VIN135,2026-01-27,211.6,167.26
FL00616,VIN119,2026-02-09,99.7,373.58
FL00617,VIN134,2026-03-14,30.8,90.49
FL00618,VIN107,2025-07-15,23.4,61.62
FL00619,VIN196,2025-07-10,73.7,91.80
FL00620,VIN153,2025-04-16,20.7,299.27
FL00621,VIN193,2025-12-02,151.1,127.06
FL00622,VIN149,2025-02-21,56.2,327.50
FL00623,VIN125,2026-05-08,163.9,140.43
FL00624,VIN183,2025-07-13,158.4,297.98
FL00625,VIN131,2025-12-10,30.7,100.04
FL00626,VIN143,2025-05-08,155.9,139.53
FL00627,VIN127,2025-09-17,139.4,356.66
FL00628,VIN152,2025-06-19,170.4,46.25
FL00629,VIN118,2026-03-03,33.6,165.54
FL00630,VIN153,2025-07-05,166.0,211.71
FL00631,VIN173,2026-04-13,216.9,231.67
FL00632,VIN201,2025-12-23,153.0,127.48
FL00633,VIN184,2026-03-26,132.6,169.01
FL00634,VIN173,2025-11-20,31.1,270.43
FL00635,VIN158,2026-02-04,230.7,159.08
FL00636,VIN125,2025-07-31,189.2,189.28
FL00637,VIN219,2025-05-04,232.8,42.02
FL00638,VIN190,2025-07-13,236.1,364.51
FL00639,VIN204,2025-11-06,168.9,67.62
FL00640,VIN166,2026-02-16,122.0,33.35
FL00641,VIN103,2025-02-13,40.6,263.89
FL00642,VIN187,2025-09-29,31.3,108.83
FL00643,VIN120,2025-07-12,101.2,50.46
FL00644,VIN168,2025-07-12,228.4,269.31
FL00645,VIN166,2025-09-05,112.9,217.87
FL00646,VIN112,2025-06-10,132.0,182.32
FL00647,VIN153,2025-05-27,188.9,376.06
FL00648,VIN206,2025-08-30,103.0,30.35
FL00649,VIN162,2025-01-04,34.1,112.48
FL00650,VIN199,2026-05-30,238.3,242.47
FL00651,VIN174,2026-04-04,107.3,99.61
FL00652,VIN160,2025-08-31,192.7,155.84
FL00653,VIN122,2025-10-23,107.9,66.22
FL00654,VIN213,2025-03-13,148.1,345.69
FL00655,VIN148,2025-05-02,179.4,217.84
FL00656,VIN130,2025-10-13,156.3,78.90
FL00657,VIN108,2025-04-12,185.2,38.30
FL00658,VIN122,2025-07-31,149.2,68.10
FL00659,VIN106,2025-09-19,224.5,126.41
FL00660,VIN121,2026-04-08,161.8,368.08
FL00661,VIN192,2026-03-17,139.3,237.21
FL00662,VIN118,2025-06-18,72.3,245.12
FL00663,VIN164,2026-01-15,65.4,135.69
FL00664,VIN108,2025-08-17,124.0,304.07
FL00665,VIN190,2026-02-21,102.4,232.97
FL00666,VIN216,2025-01-30,140.3,92.87
FL00667,VIN178,2025-06-01,120.3,298.72
FL00668,VIN137,2025-09-21,188.9,213.81
FL00669,VIN194,2026-04-15,235.8,140.61
FL00670,VIN155,2025-02-21,47.8,308.45
FL00671,VIN153,2025-09-22,91.1,157.71
FL00672,VIN152,2025-10-31,178.0,262.87
FL00673,VIN117,2025-05-28,136.1,166.45
FL00674,VIN163,2025-03-07,169.2,241.66
FL00675,VIN102,2026-05-20,90.2,118.89
FL00676,VIN108,2026-05-30,216.3,331.86
FL00677,VIN200,2025-06-28,210.9,208.21
FL00678,VIN103,2025-06-16,177.4,159.12
FL00679,VIN176,2025-08-12,30.4,203.84
FL00680,VIN167,2025-08-01,211.9,58.06
FL00681,VIN186,2025-06-03,133.1,287.48
FL00682,VIN182,2025-08-10,47.4,358.97
FL00683,VIN127,2026-01-29,110.6,71.35
FL00684,VIN100,2025-02-01,120.4,85.43
FL00685,VIN119,2025-10-17,144.5,145.03
FL00686,VIN213,2025-08-09,105.8,37.55
FL00687,VIN210,2025-06-27,214.6,139.93
FL00688,VIN134,2025-06-04,144.8,349.59
FL00689,VIN138,2025-03-24,36.8,197.36
FL00690,VIN181,2025-05-06,214.7,97.16
FL00691,VIN155,2025-10-29,48.3,286.00
FL00692,VIN187,2025-07-15,138.1,154.06
FL00693,VIN106,2025-12-03,103.9,287.64
FL00694,VIN114,2026-05-18,233.8,339.50
FL00695,VIN123,2025-05-17,111.4,67.14
FL00696,VIN148,2025-10-03,36.1,181.96
FL00697,VIN156,2026-01-16,53.3,366.12
FL00698,VIN197,2025-05-18,165.6,163.14
FL00699,VIN203,2025-01-09,115.4,73.90
FL00700,VIN207,2025-12-02,190.5,177.03
FL00701,VIN101,2025-09-16,106.7,164.81
FL00702,VIN129,2025-07-12,218.7,65.87
FL00703,VIN147,2025-06-01,202.0,56.91
FL00704,VIN102,2025-01-17,179.7,156.48
FL00705,VIN145,2026-03-04,201.1,315.79
FL00706,VIN138,2025-11-10,155.7,220.10
FL00707,VIN195,2025-10-14,32.9,44.23
FL00708,VIN116,2025-12-29,42.9,290.20
FL00709,VIN181,2025-07-02,107.3,92.55
FL00710,VIN150,2025-11-18,154.0,86.02
FL00711,VIN214,2026-01-15,57.7,73.76
FL00712,VIN108,2025-08-28,145.9,84.67
FL00713,VIN103,2025-01-09,52.0,318.06
FL00714,VIN140,2025-05-25,194.9,267.97
FL00715,VIN148,2025-06-04,73.0,287.35
FL00716,VIN137,2025-01-06,140.8,112.70
FL00717,VIN122,2025-09-05,216.5,254.39
FL00718,VIN207,2025-10-19,98.3,85.31
FL00719,VIN142,2025-02-05,36.4,232.04
FL00720,VIN185,2026-02-17,136.9,60.05
FL00721,VIN174,2025-06-06,224.4,127.91
FL00722,VIN219,2026-03-15,167.4,258.16
FL00723,VIN140,2026-03-17,189.4,144.53
FL00724,VIN203,2026-05-22,76.9,264.53
FL00725,VIN204,2025-10-13,70.6,58.92
FL00726,VIN149,2025-07-12,170.9,249.93
FL00727,VIN205,2026-03-01,64.6,35.47
FL00728,VIN162,2025-12-06,147.9,270.08
FL00729,VIN203,2026-05-27,230.3,167.74
FL00730,VIN176,2026-02-08,186.7,309.67
FL00731,VIN100,2026-03-23,238.6,321.73
FL00732,VIN160,2026-05-22,226.6,127.05
FL00733,VIN179,2025-01-31,91.8,251.18
FL00734,VIN127,2026-03-06,183.6,353.40
FL00735,VIN107,2025-12-19,33.5,264.71
FL00736,VIN117,2025-07-23,173.4,60.09
FL00737,VIN212,2026-04-27,79.6,351.18
FL00738,VIN194,2025-02-23,116.5,134.99
FL00739,VIN151,2025-01-26,229.6,163.86
FL00740,VIN103,2025-08-28,108.2,36.00
FL00741,VIN151,2025-11-30,201.5,119.91
FL00742,VIN175,2025-05-18,22.8,374.04
FL00743,VIN191,2025-05-13,125.5,106.17
FL00744,VIN207,2025-09-18,155.9,179.57
FL00745,VIN107,2025-10-08,153.5,53.33
FL00746,VIN110,2026-03-30,47.9,267.30
FL00747,VIN128,2025-01-09,138.8,208.50
FL00748,VIN200,2026-05-04,108.7,268.03
FL00749,VIN216,2025-07-19,146.1,294.80
FL00750,VIN163,2025-06-24,59.7,230.80
FL00751,VIN182,2025-03-26,215.2,171.12
FL00752,VIN145,2025-03-17,219.1,164.06
FL00753,VIN133,2025-09-23,183.4,332.28
FL00754,VIN197,2026-05-08,67.5,187.76
FL00755,VIN111,2025-06-07,63.3,334.10
FL00756,VIN144,2025-08-24,100.0,118.19
FL00757,VIN106,2025-12-16,43.8,318.97
FL00758,VIN116,2026-02-05,211.1,301.62
FL00759,VIN112,2025-04-25,66.2,45.40
FL00760,VIN118,2025-10-04,148.4,257.37
FL00761,VIN212,2026-01-06,209.2,131.00
FL00762,VIN199,2025-03-28,156.0,282.76
FL00763,VIN189,2025-04-02,20.9,244.69
FL00764,VIN152,2025-03-10,203.6,53.72
FL00765,VIN164,2025-12-10,231.8,359.65
FL00766,VIN149,2025-03-18,140.9,122.84
FL00767,VIN136,2025-10-23,226.5,164.44
FL00768,VIN198,2026-05-12,199.2,280.35
FL00769,VIN198,2025-11-14,94.7,320.45
FL00770,VIN186,2025-10-22,89.9,221.03
FL00771,VIN101,2026-02-01,138.8,264.13
FL00772,VIN121,2025-05-18,78.4,50.29
FL00773,VIN129,2025-11-08,110.2,202.19
FL00774,VIN153,2025-05-08,126.6,95.27
FL00775,VIN192,2025-05-26,233.7,255.74
FL00776,VIN211,2026-01-02,119.9,133.31
FL00777,VIN134,2026-03-18,238.8,102.37
FL00778,VIN198,2025-06-02,226.8,120.06
FL00779,VIN175,2025-02-07,214.8,277.35
FL00780,VIN107,2025-10-22,181.9,217.14
FL00781,VIN114,2025-06-08,239.6,186.11
FL00782,VIN196,2025-03-05,220.3,117.85
FL00783,VIN192,2025-07-08,24.9,290.51
FL00784,VIN186,2025-05-21,127.0,115.05
FL00785,VIN168,2025-03-14,65.3,203.14
FL00786,VIN137,2025-11-07,57.2,361.54
FL00787,VIN117,2025-08-13,32.9,319.69
FL00788,VIN114,2025-08-22,20.1,214.21
FL00789,VIN134,2025-12-22,218.5,178.82
FL00790,VIN113,2025-01-15,199.8,304.35
FL00791,VIN190,2025-04-04,173.4,287.76
FL00792,VIN178,2026-03-08,94.7,257.75
FL00793,VIN192,2025-03-27,137.3,300.21
FL00794,VIN189,2025-08-22,152.8,263.89
FL00795,VIN183,2025-07-14,85.6,221.15
FL00796,VIN116,2025-03-10,38.1,306.30
FL00797,VIN205,2026-01-09,122.4,221.64
FL00798,VIN123,2025-03-29,73.5,365.79
FL00799,VIN167,2026-01-26,192.4,140.95
FL00800,VIN166,2026-01-31,133.5,354.06
FL00801,VIN117,2026-05-28,170.8,98.01
FL00802,VIN133,2026-05-03,47.6,290.06
FL00803,VIN166,2026-03-28,28.4,116.65
FL00804,VIN179,2026-02-21,210.0,90.94
FL00805,VIN197,2026-01-19,99.8,45.99
FL00806,VIN208,2025-09-22,56.0,269.53
FL00807,VIN178,2025-11-25,129.2,249.96
FL00808,VIN207,2025-02-15,226.9,77.01
FL00809,VIN204,2026-05-09,49.5,327.72
FL00810,VIN172,2026-02-17,63.9,295.00
FL00811,VIN107,2025-09-29,209.7,194.39
FL00812,VIN127,2025-02-10,227.3,96.24
FL00813,VIN105,2026-01-21,232.3,180.55
FL00814,VIN169,2026-04-03,165.3,180.71
FL00815,VIN195,2025-04-03,125.9,73.49
FL00816,VIN143,2025-12-26,169.9,279.98
FL00817,VIN188,2025-12-13,170.6,192.75
FL00818,VIN189,2025-08-25,160.0,69.84
FL00819,VIN169,2025-09-08,234.2,108.91
FL00820,VIN134,2025-05-05,220.2,356.05
FL00821,VIN109,2025-09-04,126.0,187.11
FL00822,VIN155,2025-09-03,196.5,337.79
FL00823,VIN127,2025-10-01,130.7,190.60
FL00824,VIN117,2025-10-11,84.0,248.72
FL00825,VIN173,2025-03-01,105.9,166.28
FL00826,VIN182,2025-07-12,220.5,287.93
FL00827,VIN121,2026-02-07,175.3,355.06
FL00828,VIN102,2025-09-29,106.7,274.31
FL00829,VIN206,2026-03-13,146.6,135.19
FL00830,VIN112,2025-05-13,224.9,248.25
FL00831,VIN166,2025-10-29,140.1,285.70
FL00832,VIN122,2025-07-16,103.1,155.15
FL00833,VIN177,2025-03-30,166.0,94.09
FL00834,VIN219,2025-01-30,33.2,106.22
FL00835,VIN198,2025-05-31,68.4,119.69
FL00836,VIN123,2025-07-17,117.6,109.38
FL00837,VIN133,2025-01-06,65.5,70.46
FL00838,VIN112,2025-05-05,220.8,187.73
FL00839,VIN214,2025-04-26,226.6,116.98
FL00840,VIN197,2025-08-12,123.3,333.82
FL00841,VIN119,2026-03-21,145.6,335.33
FL00842,VIN206,2026-02-08,191.1,275.29
FL00843,VIN173,2026-04-21,64.2,272.33
FL00844,VIN198,2025-12-21,86.2,100.26
FL00845,VIN167,2025-03-04,129.1,364.06
FL00846,VIN191,2025-06-24,209.0,47.83
FL00847,VIN205,2025-04-28,88.6,119.67
FL00848,VIN212,2026-03-11,143.3,49.26
FL00849,VIN199,2025-01-21,119.9,183.43
FL00850,VIN172,2025-02-23,43.1,215.19
FL00851,VIN145,2026-01-21,67.6,157.65
FL00852,VIN113,2025-10-28,107.4,119.00
FL00853,VIN196,2026-05-08,64.9,132.55
FL00854,VIN157,2025-05-20,214.6,56.06
FL00855,VIN193,2025-10-08,196.1,266.40
FL00856,VIN154,2025-10-12,99.3,117.84
FL00857,VIN105,2025-10-27,231.2,349.44
FL00858,VIN104,2025-07-03,47.2,334.49
FL00859,VIN193,2025-11-26,126.4,132.67
FL00860,VIN181,2025-10-17,78.8,302.21
FL00861,VIN120,2026-02-16,57.3,180.91
FL00862,VIN204,2025-04-27,177.6,50.72
FL00863,VIN143,2025-10-29,174.0,98.87
FL00864,VIN189,2025-12-23,45.1,168.59
FL00865,VIN116,2026-02-16,210.9,324.43
FL00866,VIN126,2026-05-05,234.8,330.91
FL00867,VIN130,2025-07-24,22.0,143.46
FL00868,VIN187,2025-05-28,201.7,263.48
FL00869,VIN159,2026-04-17,159.0,62.51
FL00870,VIN112,2025-05-15,97.2,230.19
FL00871,VIN210,2026-04-13,196.1,81.33
FL00872,VIN146,2026-04-26,199.0,94.11
FL00873,VIN145,2025-01-07,159.5,246.87
FL00874,VIN114,2025-02-01,233.9,103.06
FL00875,VIN215,2025-09-21,148.4,340.64
FL00876,VIN172,2025-02-10,129.0,153.01
FL00877,VIN132,2025-09-18,174.0,162.57
FL00878,VIN170,2025-02-14,94.1,314.73
FL00879,VIN194,2025-11-05,195.3,201.63
FL00880,VIN175,2026-03-05,60.6,131.12
FL00881,VIN139,2025-12-27,225.8,138.43
FL00882,VIN113,2025-08-30,166.0,229.60
FL00883,VIN216,2025-09-27,196.0,291.94
FL00884,VIN191,2025-04-20,52.4,254.63
FL00885,VIN194,2025-01-22,197.5,138.10
FL00886,VIN158,2026-02-23,63.5,42.49
FL00887,VIN198,2025-02-18,128.3,317.40
FL00888,VIN108,2025-09-06,25.1,40.33
FL00889,VIN169,2025-04-06,225.3,244.51
FL00890,VIN193,2026-05-31,108.5,183.47
FL00891,VIN113,2026-04-08,106.5,139.71
FL00892,VIN168,2025-10-08,160.2,102.91
FL00893,VIN133,2026-02-10,236.8,365.11
FL00894,VIN136,2025-03-25,41.2,283.30
FL00895,VIN216,2026-05-16,199.4,182.45
FL00896,VIN177,2025-11-25,98.7,308.70
FL00897,VIN183,2025-06-08,182.7,336.87
FL00898,VIN123,2025-08-19,224.3,360.54
FL00899,VIN202,2025-10-29,25.2,180.18
FL00900,VIN189,2025-10-23,145.0,326.81
