Id,ship_ref,msg_type,ts,Status
EDI70001,SH103805,990,2025-01-28 15:39,NACK
EDI70002,SH103387,990,2026-04-10 15:20,PENDING
EDI70003,SH104107,997,2026-04-04 07:38,PENDING
EDI70004,SH102137,214,2025-03-02 06:07,PENDING
EDI70005,SH103968,997,2025-08-19 21:49,NACK
EDI70006,SH103943,214,2025-11-08 20:13,NACK
EDI70007,SH102962,997,2025-08-02 17:00,ACK
EDI70008,SH101100,214,2025-08-08 06:19,NACK
EDI70009,SH100318,210,2025-11-26 12:00,NACK
EDI70010,SH101889,210,2025-05-22 17:40,ACK
EDI70011,SH100471,214,2026-03-11 07:15,NACK
EDI70012,SH100069,210,2025-06-16 10:15,ACK
EDI70013,SH103870,997,2025-09-18 06:10,ACK
EDI70014,SH100498,214,2025-06-18 09:16,ACK
EDI70015,SH101503,997,2025-10-30 20:50,PENDING
EDI70016,SH100638,214,2026-05-21 15:28,PENDING
EDI70017,SH100797,997,2025-05-06 12:53,PENDING
EDI70018,SH100138,990,2025-05-01 20:54,ACK
EDI70019,SH103011,990,2026-05-15 06:34,ACK
EDI70020,SH104000,990,2025-07-07 21:05,ACK
EDI70021,SH103841,990,2025-08-01 13:32,PENDING
EDI70022,SH100032,997,2025-05-03 14:05,PENDING
EDI70023,SH100919,214,2026-01-05 16:47,ACK
EDI70024,SH103307,997,2025-02-24 14:09,PENDING
EDI70025,SH100611,214,2026-03-23 18:36,NACK
EDI70026,SH104109,990,2025-10-23 11:17,NACK
EDI70027,SH104007,997,2025-06-19 11:50,ACK
EDI70028,SH100015,997,2026-02-08 16:08,ACK
EDI70029,SH100278,990,2025-06-18 16:46,NACK
EDI70030,SH100820,990,2025-03-19 06:49,ACK
EDI70031,SH101612,997,2025-06-12 11:27,ACK
EDI70032,SH103330,210,2026-03-13 08:17,NACK
EDI70033,SH102414,214,2025-05-30 18:05,PENDING
EDI70034,SH100357,997,2025-09-08 07:29,ACK
EDI70035,SH101438,210,2025-12-10 06:39,NACK
EDI70036,SH103763,210,2025-04-15 06:44,NACK
EDI70037,SH102653,990,2025-03-17 20:49,PENDING
EDI70038,SH103264,210,2025-06-25 10:11,PENDING
EDI70039,SH102478,210,2025-08-08 19:02,PENDING
EDI70040,SH104032,997,2025-07-09 15:05,PENDING
EDI70041,SH102895,210,2026-04-05 14:28,PENDING
EDI70042,SH104061,997,2025-09-03 11:14,ACK
EDI70043,SH101061,210,2025-05-17 15:53,NACK
EDI70044,SH102213,210,2025-12-21 13:20,NACK
EDI70045,SH101683,210,2025-04-20 14:43,ACK
EDI70046,SH100465,214,2025-03-23 16:49,NACK
EDI70047,SH103259,210,2026-05-02 10:48,ACK
EDI70048,SH101162,210,2025-01-11 10:39,NACK
EDI70049,SH100005,997,2026-04-04 20:34,PENDING
EDI70050,SH100952,210,2025-06-12 06:56,ACK
EDI70051,SH100147,210,2025-01-24 20:34,ACK
EDI70052,SH101151,990,2025-08-19 10:10,NACK
EDI70053,SH102622,210,2025-12-26 20:06,PENDING
EDI70054,SH103287,210,2025-07-20 11:51,PENDING
EDI70055,SH103855,210,2025-10-01 10:18,ACK
EDI70056,SH100635,214,2025-11-03 11:09,NACK
EDI70057,SH101974,990,2025-02-03 13:35,PENDING
EDI70058,SH102320,990,2025-08-24 18:52,ACK
EDI70059,SH100360,997,2025-10-17 07:54,NACK
EDI70060,SH102018,990,2026-04-24 20:52,ACK
EDI70061,SH102059,214,2025-02-21 08:37,NACK
EDI70062,SH101893,214,2025-09-15 18:03,NACK
EDI70063,SH101569,990,2025-05-21 20:45,PENDING
EDI70064,SH101181,997,2025-01-15 13:48,ACK
EDI70065,SH100147,997,2025-08-02 21:18,NACK
EDI70066,SH101845,990,2025-02-25 13:20,ACK
EDI70067,SH101887,210,2026-02-24 19:48,ACK
EDI70068,SH100594,210,2026-05-30 12:34,ACK
EDI70069,SH100403,990,2025-07-20 08:35,PENDING
EDI70070,SH102736,210,2025-03-11 07:56,ACK
EDI70071,SH102437,214,2025-10-01 18:29,PENDING
EDI70072,SH100145,997,2025-07-15 07:04,PENDING
EDI70073,SH103497,997,2025-01-11 21:25,NACK
EDI70074,SH103890,990,2026-05-25 09:50,PENDING
EDI70075,SH104088,997,2025-01-04 08:48,PENDING
EDI70076,SH102842,990,2026-04-26 12:27,NACK
EDI70077,SH103416,997,2025-03-11 09:21,NACK
EDI70078,SH100700,997,2026-03-24 09:59,PENDING
EDI70079,SH102589,214,2025-04-30 16:27,NACK
EDI70080,SH104152,997,2025-08-03 11:28,PENDING
EDI70081,SH100426,990,2025-02-18 06:11,NACK
EDI70082,SH103577,990,2025-04-19 21:11,NACK
EDI70083,SH101689,214,2025-10-20 10:23,ACK
EDI70084,SH104035,210,2025-02-12 19:12,NACK
EDI70085,SH100434,990,2025-04-07 10:32,NACK
EDI70086,SH103048,997,2026-02-08 07:15,NACK
EDI70087,SH101465,210,2025-11-04 17:28,NACK
EDI70088,SH100029,997,2025-06-06 18:58,NACK
EDI70089,SH100431,214,2025-11-13 13:11,ACK
EDI70090,SH100214,997,2025-03-02 17:49,ACK
EDI70091,SH102405,210,2026-04-26 15:03,ACK
EDI70092,SH104199,990,2025-08-16 12:06,PENDING
EDI70093,SH101928,214,2025-10-16 17:16,ACK
EDI70094,SH103861,990,2025-07-29 07:05,PENDING
EDI70095,SH102539,210,2025-03-01 18:37,NACK
EDI70096,SH101969,210,2025-07-19 13:02,ACK
EDI70097,SH103963,997,2025-06-10 10:33,NACK
EDI70098,SH102965,990,2025-02-07 17:24,PENDING
EDI70099,SH103205,997,2025-02-09 12:59,NACK
EDI70100,SH101095,210,2025-11-12 16:40,ACK
EDI70101,SH102936,210,2025-01-06 08:30,PENDING
EDI70102,SH100385,997,2026-03-25 10:01,PENDING
EDI70103,SH100281,214,2026-01-05 09:42,PENDING
EDI70104,SH103188,210,2026-02-09 12:45,NACK
EDI70105,SH103308,210,2025-05-05 12:03,NACK
EDI70106,SH101460,214,2025-10-07 21:53,ACK
EDI70107,SH101685,214,2025-12-18 08:04,PENDING
EDI70108,SH100292,997,2025-04-11 16:41,PENDING
EDI70109,SH102209,997,2025-02-25 16:23,ACK
EDI70110,SH102732,214,2026-03-14 08:37,PENDING
EDI70111,SH100468,210,2025-11-17 11:43,NACK
EDI70112,SH101478,990,2025-09-09 08:36,NACK
EDI70113,SH101826,997,2025-03-31 07:00,NACK
EDI70114,SH102419,214,2025-03-06 12:03,NACK
EDI70115,SH103994,997,2026-02-03 07:08,NACK
EDI70116,SH102192,990,2025-01-17 18:01,PENDING
EDI70117,SH101833,997,2026-02-14 07:03,NACK
EDI70118,SH102010,214,2026-05-20 20:13,NACK
EDI70119,SH103074,990,2025-04-20 10:27,NACK
EDI70120,SH103651,997,2025-12-07 09:39,PENDING
EDI70121,SH103003,997,2026-05-30 18:54,NACK
EDI70122,SH101947,214,2025-02-13 19:39,PENDING
EDI70123,SH103326,990,2025-05-27 10:01,NACK
EDI70124,SH102703,990,2026-04-16 18:31,PENDING
EDI70125,SH103974,997,2025-05-27 16:26,PENDING
EDI70126,SH101144,214,2026-05-25 16:07,NACK
EDI70127,SH103896,214,2025-05-12 09:29,ACK
EDI70128,SH102728,210,2025-03-13 21:38,ACK
EDI70129,SH103445,210,2026-01-30 07:48,PENDING
EDI70130,SH104172,214,2026-01-23 16:51,PENDING
EDI70131,SH103075,997,2025-02-16 17:33,NACK
EDI70132,SH100685,990,2026-05-08 06:13,NACK
EDI70133,SH102993,214,2026-01-15 10:10,ACK
EDI70134,SH100358,214,2026-02-17 10:49,ACK
EDI70135,SH102998,990,2025-12-19 11:18,PENDING
EDI70136,SH101049,990,2025-09-28 21:11,ACK
EDI70137,SH104071,990,2026-04-25 17:36,PENDING
EDI70138,SH102803,214,2026-01-21 19:03,PENDING
EDI70139,SH103092,210,2025-02-22 13:07,NACK
EDI70140,SH100298,214,2025-03-03 15:16,NACK
EDI70141,SH102377,990,2025-03-21 11:20,NACK
EDI70142,SH101960,214,2025-10-23 07:14,NACK
EDI70143,SH100136,210,2025-11-30 21:10,NACK
EDI70144,SH100056,214,2025-01-20 18:04,PENDING
EDI70145,SH100354,990,2026-05-30 15:36,ACK
EDI70146,SH103503,990,2025-05-11 14:19,ACK
EDI70147,SH103305,990,2025-06-20 11:28,PENDING
EDI70148,SH103730,214,2025-04-14 12:55,PENDING
EDI70149,SH102649,990,2025-01-18 06:04,NACK
EDI70150,SH103152,210,2025-07-27 18:09,ACK
EDI70151,SH103806,210,2025-12-29 16:11,NACK
EDI70152,SH100582,210,2025-12-15 20:55,PENDING
EDI70153,SH100036,990,2025-01-14 17:55,PENDING
EDI70154,SH101069,210,2025-10-11 13:15,PENDING
EDI70155,SH100338,990,2026-05-12 07:45,ACK
EDI70156,SH102266,990,2025-09-05 07:53,PENDING
EDI70157,SH100512,210,2025-12-09 11:15,NACK
EDI70158,SH103837,997,2026-01-28 12:10,NACK
EDI70159,SH101029,990,2025-05-02 12:19,NACK
EDI70160,SH102715,990,2025-12-10 19:48,NACK
EDI70161,SH104002,210,2026-01-21 16:31,PENDING
EDI70162,SH102837,990,2025-10-24 10:49,ACK
EDI70163,SH100722,210,2026-01-28 17:36,PENDING
EDI70164,SH100844,214,2025-03-31 16:58,NACK
EDI70165,SH103248,214,2025-02-08 16:50,PENDING
EDI70166,SH101223,997,2025-08-29 06:11,ACK
EDI70167,SH102017,210,2025-06-01 19:53,PENDING
EDI70168,SH100249,210,2025-02-25 20:37,ACK
EDI70169,SH103622,997,2025-12-26 15:00,PENDING
EDI70170,SH103565,997,2025-01-01 21:21,ACK
EDI70171,SH101389,210,2025-10-16 13:32,ACK
EDI70172,SH101616,997,2025-07-30 11:33,NACK
EDI70173,SH102379,997,2025-04-24 14:33,PENDING
EDI70174,SH100488,214,2025-05-08 10:59,PENDING
EDI70175,SH103742,210,2025-12-11 13:20,NACK
EDI70176,SH100389,210,2026-05-24 09:23,PENDING
EDI70177,SH102465,990,2025-10-10 17:50,NACK
EDI70178,SH102071,214,2026-05-13 10:38,PENDING
EDI70179,SH100310,997,2025-09-01 06:58,NACK
EDI70180,SH101679,214,2026-04-14 13:57,NACK
EDI70181,SH102268,990,2026-02-07 16:11,NACK
EDI70182,SH102252,990,2025-05-13 13:19,NACK
EDI70183,SH103955,214,2025-02-08 18:42,ACK
EDI70184,SH103355,990,2025-10-09 07:29,ACK
EDI70185,SH100072,214,2025-11-13 20:42,ACK
EDI70186,SH100794,214,2025-04-21 13:16,ACK
EDI70187,SH100521,990,2025-03-04 09:56,PENDING
EDI70188,SH102392,990,2026-04-15 06:59,NACK
EDI70189,SH102632,214,2025-11-05 19:14,ACK
EDI70190,SH104139,210,2025-07-09 13:28,NACK
EDI70191,SH103379,997,2025-03-12 08:39,NACK
EDI70192,SH100996,214,2025-03-07 11:36,PENDING
EDI70193,SH100274,997,2025-06-06 17:25,NACK
EDI70194,SH100868,210,2025-03-17 15:25,ACK
EDI70195,SH101975,997,2025-04-23 06:38,PENDING
EDI70196,SH102237,214,2025-05-27 08:43,ACK
EDI70197,SH101203,997,2025-12-25 10:34,NACK
EDI70198,SH103285,997,2026-03-28 08:59,PENDING
EDI70199,SH102890,210,2025-02-10 18:27,ACK
EDI70200,SH102926,214,2025-05-29 19:19,ACK
EDI70201,SH102992,210,2025-02-24 21:31,ACK
EDI70202,SH100900,990,2025-11-02 21:41,ACK
EDI70203,SH102567,990,2026-04-24 21:34,ACK
EDI70204,SH103914,214,2025-08-09 07:04,PENDING
EDI70205,SH104128,210,2026-04-19 15:59,ACK
EDI70206,SH102647,210,2025-12-21 13:13,ACK
EDI70207,SH104013,990,2025-01-13 06:15,NACK
EDI70208,SH100472,210,2025-01-07 14:00,NACK
EDI70209,SH101828,210,2025-01-03 06:07,PENDING
EDI70210,SH104081,990,2025-07-17 16:47,NACK
EDI70211,SH100126,990,2025-04-08 13:02,ACK
EDI70212,SH103124,210,2025-12-20 15:49,ACK
EDI70213,SH102634,997,2025-03-07 13:27,PENDING
EDI70214,SH100382,210,2026-01-31 17:15,ACK
EDI70215,SH100301,990,2025-05-22 06:05,ACK
EDI70216,SH102227,997,2026-04-24 15:52,PENDING
EDI70217,SH101429,997,2025-02-25 06:09,PENDING
EDI70218,SH101488,997,2025-04-09 06:22,NACK
EDI70219,SH100381,997,2025-05-11 09:34,NACK
EDI70220,SH103029,214,2025-03-19 10:38,ACK
EDI70221,SH102496,990,2025-05-19 10:36,PENDING
EDI70222,SH100658,210,2025-04-13 12:01,NACK
EDI70223,SH100340,990,2026-03-25 09:57,NACK
EDI70224,SH102850,997,2025-01-19 06:07,ACK
EDI70225,SH103596,210,2025-03-01 16:46,PENDING
EDI70226,SH101015,990,2025-04-02 11:24,ACK
EDI70227,SH101573,997,2025-05-06 20:56,NACK
EDI70228,SH102457,997,2025-02-04 20:58,PENDING
EDI70229,SH103307,997,2025-07-14 08:50,NACK
EDI70230,SH102228,990,2025-01-07 21:22,NACK
EDI70231,SH101207,997,2026-01-03 19:37,ACK
EDI70232,SH101684,214,2026-04-30 10:55,NACK
EDI70233,SH100380,997,2025-04-03 16:20,ACK
EDI70234,SH102740,997,2025-11-30 20:34,NACK
EDI70235,SH102934,997,2025-11-02 15:50,NACK
EDI70236,SH101750,990,2026-01-14 17:23,NACK
EDI70237,SH102269,214,2025-07-21 12:35,ACK
EDI70238,SH102190,997,2025-05-03 14:37,ACK
EDI70239,SH100170,214,2026-05-17 07:49,ACK
EDI70240,SH100816,210,2025-03-08 13:26,ACK
EDI70241,SH101271,210,2025-08-01 16:41,NACK
EDI70242,SH100917,990,2025-08-26 20:28,ACK
EDI70243,SH101141,210,2025-09-16 18:20,ACK
EDI70244,SH101089,210,2025-12-23 15:02,NACK
EDI70245,SH100777,997,2026-01-11 07:43,PENDING
EDI70246,SH101963,214,2025-08-09 07:21,NACK
EDI70247,SH104036,210,2025-02-14 12:16,ACK
EDI70248,SH102797,210,2025-10-02 07:26,NACK
EDI70249,SH102569,214,2025-04-14 11:49,NACK
EDI70250,SH102613,210,2025-07-05 11:34,ACK
EDI70251,SH102578,214,2025-07-25 14:00,NACK
EDI70252,SH102458,210,2025-07-23 10:33,ACK
EDI70253,SH102022,210,2025-05-19 18:25,ACK
EDI70254,SH103501,214,2025-12-06 18:46,PENDING
EDI70255,SH102585,997,2025-03-03 08:54,NACK
EDI70256,SH100233,210,2025-07-26 13:24,NACK
EDI70257,SH103392,210,2026-03-24 12:33,PENDING
EDI70258,SH103778,990,2025-06-17 19:17,PENDING
EDI70259,SH103376,990,2025-11-04 16:11,NACK
EDI70260,SH103745,210,2025-03-28 09:43,NACK
EDI70261,SH100200,214,2025-07-14 14:01,NACK
EDI70262,SH102166,210,2026-05-06 09:20,ACK
EDI70263,SH100480,210,2026-04-03 19:34,NACK
EDI70264,SH101075,997,2026-03-16 09:18,ACK
EDI70265,SH102997,214,2025-06-27 21:42,NACK
EDI70266,SH101852,997,2025-06-23 16:15,PENDING
EDI70267,SH102443,210,2025-06-05 16:28,PENDING
EDI70268,SH101224,990,2025-05-26 18:26,PENDING
EDI70269,SH101607,990,2025-07-25 09:35,PENDING
EDI70270,SH100406,210,2025-03-21 12:44,PENDING
EDI70271,SH100547,210,2025-06-29 18:47,PENDING
EDI70272,SH103677,210,2026-05-26 20:42,ACK
EDI70273,SH102469,997,2025-02-01 14:00,PENDING
EDI70274,SH101355,997,2025-05-18 07:16,ACK
EDI70275,SH100452,990,2026-02-02 10:02,ACK
EDI70276,SH100002,210,2025-12-05 14:57,PENDING
EDI70277,SH104037,997,2025-02-16 16:11,PENDING
EDI70278,SH100323,210,2026-02-03 16:43,NACK
EDI70279,SH101610,214,2026-02-12 17:10,PENDING
EDI70280,SH104102,214,2026-01-16 06:42,PENDING
EDI70281,SH102273,214,2026-01-02 16:38,NACK
EDI70282,SH103770,210,2025-03-18 17:24,PENDING
EDI70283,SH102662,990,2026-04-15 12:45,ACK
EDI70284,SH101195,997,2025-10-24 06:15,ACK
EDI70285,SH102824,214,2025-10-31 10:49,PENDING
EDI70286,SH100610,214,2025-08-05 08:46,PENDING
EDI70287,SH102942,997,2025-11-05 08:49,NACK
EDI70288,SH102564,990,2026-02-09 12:21,PENDING
EDI70289,SH101073,990,2026-03-13 08:15,NACK
EDI70290,SH103226,214,2025-02-27 17:59,PENDING
EDI70291,SH103382,210,2025-06-21 13:58,ACK
EDI70292,SH101020,997,2025-10-01 12:07,NACK
EDI70293,SH103230,997,2025-12-10 07:51,PENDING
EDI70294,SH103482,990,2026-05-12 15:52,ACK
EDI70295,SH100343,210,2025-05-28 19:40,ACK
EDI70296,SH102292,210,2025-05-29 21:39,PENDING
EDI70297,SH103235,990,2025-09-27 12:45,ACK
EDI70298,SH102177,210,2026-01-11 08:19,ACK
EDI70299,SH102526,990,2025-10-12 09:55,PENDING
EDI70300,SH101561,997,2025-06-07 17:47,PENDING
EDI70301,SH103921,997,2026-02-06 15:32,PENDING
EDI70302,SH103822,214,2025-02-15 16:41,NACK
EDI70303,SH100767,210,2025-05-20 10:04,PENDING
EDI70304,SH102393,997,2025-01-19 06:26,NACK
EDI70305,SH103428,210,2026-01-10 15:28,NACK
EDI70306,SH103190,990,2025-03-07 07:08,ACK
EDI70307,SH100908,990,2026-02-19 17:21,ACK
EDI70308,SH102309,214,2025-12-26 17:56,NACK
EDI70309,SH102561,210,2026-02-03 13:19,PENDING
EDI70310,SH101138,997,2026-02-26 12:47,PENDING
EDI70311,SH103072,214,2025-06-17 21:43,PENDING
EDI70312,SH100100,990,2025-07-31 10:46,ACK
EDI70313,SH101176,990,2025-08-13 17:09,NACK
EDI70314,SH102604,214,2025-08-03 16:01,NACK
EDI70315,SH102914,990,2026-04-05 21:49,ACK
EDI70316,SH101583,210,2025-03-17 16:22,PENDING
EDI70317,SH100318,997,2025-07-18 12:35,NACK
EDI70318,SH101266,210,2025-08-30 12:48,PENDING
EDI70319,SH102261,210,2025-02-28 17:54,PENDING
EDI70320,SH100219,990,2026-05-08 11:50,ACK
EDI70321,SH102902,214,2025-09-11 08:21,NACK
EDI70322,SH102882,210,2025-05-23 12:57,PENDING
EDI70323,SH100859,214,2025-03-17 14:27,PENDING
EDI70324,SH100734,214,2025-05-02 20:48,NACK
EDI70325,SH100783,214,2025-05-26 18:48,ACK
EDI70326,SH100517,990,2025-12-20 17:11,ACK
EDI70327,SH104104,997,2025-05-09 09:51,ACK
EDI70328,SH102454,997,2026-01-04 07:03,PENDING
EDI70329,SH101632,214,2025-03-09 14:43,ACK
EDI70330,SH103591,997,2025-09-06 13:55,ACK
EDI70331,SH102999,997,2025-05-27 08:59,NACK
EDI70332,SH102053,210,2025-07-13 10:20,PENDING
EDI70333,SH103693,210,2025-10-02 18:58,NACK
EDI70334,SH101321,997,2025-01-28 20:21,NACK
EDI70335,SH101712,210,2025-02-21 09:01,PENDING
EDI70336,SH100345,990,2025-03-05 17:43,ACK
EDI70337,SH102803,214,2025-10-13 17:56,ACK
EDI70338,SH102278,214,2025-11-18 20:20,ACK
EDI70339,SH101204,997,2025-01-08 11:17,ACK
EDI70340,SH101232,990,2025-03-08 21:11,PENDING
EDI70341,SH100580,997,2025-02-23 13:19,ACK
EDI70342,SH103034,997,2026-05-08 11:28,ACK
EDI70343,SH103418,214,2025-08-26 10:14,ACK
EDI70344,SH101506,997,2026-04-11 15:18,NACK
EDI70345,SH100608,997,2025-07-12 16:58,NACK
EDI70346,SH103611,997,2025-03-07 07:57,ACK
EDI70347,SH101085,214,2025-11-09 11:07,NACK
EDI70348,SH104160,990,2026-05-22 19:55,PENDING
EDI70349,SH103263,210,2025-09-16 13:06,PENDING
EDI70350,SH100945,997,2025-07-08 08:00,PENDING
EDI70351,SH102307,210,2025-04-15 11:35,ACK
EDI70352,SH103869,990,2025-06-15 13:06,PENDING
EDI70353,SH102862,990,2026-04-17 21:57,NACK
EDI70354,SH103469,990,2025-10-19 10:05,PENDING
EDI70355,SH101554,214,2026-01-28 12:55,NACK
EDI70356,SH103269,997,2026-04-27 16:15,ACK
EDI70357,SH102022,997,2025-05-25 07:02,PENDING
EDI70358,SH103590,214,2026-03-25 13:43,PENDING
EDI70359,SH100243,210,2026-01-24 19:54,NACK
EDI70360,SH102319,997,2025-07-29 08:47,PENDING
EDI70361,SH101320,997,2025-09-02 07:22,ACK
EDI70362,SH103722,210,2026-05-10 14:11,ACK
EDI70363,SH100959,214,2025-05-07 15:02,PENDING
EDI70364,SH103778,214,2025-05-16 06:46,PENDING
EDI70365,SH100297,997,2026-04-04 12:50,NACK
EDI70366,SH103047,997,2026-05-29 10:45,NACK
EDI70367,SH101642,990,2026-03-04 10:09,PENDING
EDI70368,SH103953,997,2025-10-15 21:10,PENDING
EDI70369,SH103524,997,2025-01-26 13:21,ACK
EDI70370,SH103584,214,2025-06-04 16:19,NACK
EDI70371,SH102852,210,2025-06-11 21:53,ACK
EDI70372,SH101915,997,2025-08-22 13:46,NACK
EDI70373,SH102643,990,2025-01-15 12:35,NACK
EDI70374,SH103330,214,2026-01-04 18:39,PENDING
EDI70375,SH102971,210,2025-04-28 20:28,ACK
EDI70376,SH101841,997,2025-12-19 09:29,PENDING
EDI70377,SH100924,210,2025-01-28 15:56,NACK
EDI70378,SH103325,990,2025-08-14 09:18,NACK
EDI70379,SH103751,214,2025-08-23 21:16,ACK
EDI70380,SH103288,997,2025-07-10 06:27,NACK
EDI70381,SH100304,214,2026-02-17 09:35,NACK
EDI70382,SH101200,210,2026-03-29 20:03,NACK
EDI70383,SH102523,997,2025-07-21 09:55,ACK
EDI70384,SH104172,214,2025-05-15 07:01,PENDING
EDI70385,SH101214,210,2025-04-04 12:33,ACK
EDI70386,SH103669,210,2026-02-27 08:46,PENDING
EDI70387,SH103720,214,2025-12-11 20:59,ACK
EDI70388,SH103798,990,2025-01-12 10:03,ACK
EDI70389,SH102886,214,2025-11-06 16:34,NACK
EDI70390,SH100853,997,2025-07-22 19:34,NACK
EDI70391,SH103565,214,2025-05-17 07:46,PENDING
EDI70392,SH100111,214,2026-03-22 07:42,ACK
EDI70393,SH101924,997,2025-01-23 06:03,PENDING
EDI70394,SH104045,990,2025-08-13 19:55,NACK
EDI70395,SH101616,210,2025-12-30 16:44,NACK
EDI70396,SH100936,214,2025-03-16 17:12,ACK
EDI70397,SH101662,997,2025-03-21 20:40,NACK
EDI70398,SH100775,997,2025-10-08 08:05,ACK
EDI70399,SH101346,997,2026-02-01 14:02,ACK
EDI70400,SH100552,210,2026-04-05 15:50,ACK
EDI70401,SH101129,214,2025-05-04 20:09,PENDING
EDI70402,SH103701,210,2026-04-02 11:17,PENDING
EDI70403,SH100913,214,2026-04-09 12:34,PENDING
EDI70404,SH100605,214,2025-07-21 12:40,ACK
EDI70405,SH101131,990,2025-09-30 13:58,NACK
EDI70406,SH101881,214,2025-04-07 18:59,PENDING
EDI70407,SH102404,990,2025-09-03 21:14,NACK
EDI70408,SH103273,214,2025-06-15 16:14,NACK
EDI70409,SH102923,997,2025-02-27 12:43,PENDING
EDI70410,SH103837,990,2026-03-21 18:05,NACK
EDI70411,SH100937,990,2025-09-22 12:27,NACK
EDI70412,SH102455,210,2026-05-13 13:09,PENDING
EDI70413,SH100139,997,2025-08-19 20:56,PENDING
EDI70414,SH102707,214,2025-02-27 17:22,PENDING
EDI70415,SH101156,997,2025-07-12 17:06,ACK
EDI70416,SH101578,997,2026-03-09 17:10,ACK
EDI70417,SH103303,997,2026-01-23 15:09,PENDING
EDI70418,SH102321,210,2025-12-19 16:23,ACK
EDI70419,SH100762,214,2025-11-08 11:29,PENDING
EDI70420,SH103008,997,2025-11-30 18:43,NACK
EDI70421,SH102652,210,2025-07-23 19:00,NACK
EDI70422,SH103689,210,2025-03-24 09:09,NACK
EDI70423,SH102834,214,2025-04-08 09:06,ACK
EDI70424,SH102935,210,2025-09-01 19:51,ACK
EDI70425,SH103348,214,2025-05-10 09:41,NACK
EDI70426,SH103286,214,2025-11-20 17:22,NACK
EDI70427,SH102490,990,2025-05-21 18:08,NACK
EDI70428,SH100481,214,2025-11-19 13:55,PENDING
EDI70429,SH101280,990,2025-05-02 11:43,PENDING
EDI70430,SH101655,997,2025-06-06 12:30,PENDING
EDI70431,SH101634,997,2025-11-19 13:20,ACK
EDI70432,SH100789,990,2025-02-02 11:55,PENDING
EDI70433,SH101788,997,2026-01-08 15:51,ACK
EDI70434,SH103806,997,2025-05-18 18:57,NACK
EDI70435,SH103127,210,2026-05-15 12:02,ACK
EDI70436,SH102258,997,2026-04-27 21:34,NACK
EDI70437,SH100602,210,2025-11-01 17:34,PENDING
EDI70438,SH103556,214,2026-05-25 08:36,ACK
EDI70439,SH101750,997,2025-05-03 11:13,PENDING
EDI70440,SH102074,990,2025-09-27 07:16,ACK
EDI70441,SH101119,210,2025-08-25 18:11,PENDING
EDI70442,SH102121,210,2025-10-15 11:11,NACK
EDI70443,SH102835,997,2025-07-07 11:03,PENDING
EDI70444,SH102874,214,2025-04-23 07:07,PENDING
EDI70445,SH100364,990,2025-08-17 13:51,ACK
EDI70446,SH102456,214,2025-04-26 06:58,NACK
EDI70447,SH102833,214,2025-06-06 17:51,NACK
EDI70448,SH103201,210,2025-09-19 09:30,NACK
EDI70449,SH102215,990,2025-03-06 11:37,ACK
EDI70450,SH102510,997,2025-12-05 10:16,NACK
EDI70451,SH101183,990,2025-08-31 17:30,PENDING
EDI70452,SH103917,990,2025-07-24 12:02,ACK
EDI70453,SH100722,214,2025-08-28 17:52,ACK
EDI70454,SH102586,210,2025-09-09 16:00,NACK
EDI70455,SH102668,997,2025-05-01 13:46,NACK
EDI70456,SH102610,214,2026-05-02 19:35,NACK
EDI70457,SH102405,214,2026-01-18 13:21,PENDING
EDI70458,SH101644,210,2025-04-28 07:38,NACK
EDI70459,SH100215,214,2025-02-05 16:14,PENDING
EDI70460,SH100421,214,2025-06-20 08:06,ACK
EDI70461,SH102894,214,2025-11-01 17:35,ACK
EDI70462,SH103644,214,2025-06-22 18:25,NACK
EDI70463,SH100552,210,2025-08-19 14:14,PENDING
EDI70464,SH100586,997,2025-04-04 08:02,ACK
EDI70465,SH100762,990,2026-03-05 11:40,ACK
EDI70466,SH104094,997,2025-09-02 10:54,ACK
EDI70467,SH101527,214,2025-06-15 15:27,ACK
EDI70468,SH101127,210,2025-11-07 13:51,ACK
EDI70469,SH100550,997,2025-06-27 08:44,NACK
EDI70470,SH104156,210,2025-01-18 10:41,NACK
EDI70471,SH102516,210,2026-04-16 14:52,ACK
EDI70472,SH101307,210,2025-02-20 19:52,ACK
EDI70473,SH101913,214,2025-03-31 16:14,NACK
EDI70474,SH102579,210,2025-09-18 15:56,PENDING
EDI70475,SH101376,210,2025-10-28 19:46,NACK
EDI70476,SH101270,214,2026-01-13 08:07,NACK
EDI70477,SH101125,210,2025-03-29 10:42,PENDING
EDI70478,SH103674,214,2025-11-20 09:26,ACK
EDI70479,SH102027,210,2025-12-02 13:20,NACK
EDI70480,SH100605,990,2025-03-10 10:06,NACK
EDI70481,SH104169,214,2025-06-13 19:48,ACK
EDI70482,SH103573,990,2025-08-18 18:46,PENDING
EDI70483,SH100386,990,2025-12-23 15:57,PENDING
EDI70484,SH102166,210,2025-08-01 12:32,PENDING
EDI70485,SH100287,997,2025-11-16 13:21,ACK
EDI70486,SH101300,997,2025-01-06 15:32,PENDING
EDI70487,SH100396,990,2025-11-26 13:52,NACK
EDI70488,SH100186,214,2025-03-09 17:23,NACK
EDI70489,SH102239,210,2025-05-30 08:09,PENDING
EDI70490,SH100406,210,2026-01-16 14:40,NACK
EDI70491,SH101249,997,2026-05-06 17:44,ACK
EDI70492,SH103526,990,2025-12-05 19:18,NACK
EDI70493,SH103755,997,2025-02-10 21:42,NACK
EDI70494,SH103012,990,2026-01-09 07:17,NACK
EDI70495,SH102099,990,2026-04-06 14:42,NACK
EDI70496,SH101364,997,2025-11-30 11:51,ACK
EDI70497,SH101249,997,2026-03-07 15:04,ACK
EDI70498,SH103282,214,2025-10-03 15:30,NACK
EDI70499,SH103191,990,2025-12-13 21:17,PENDING
EDI70500,SH100303,997,2025-05-05 15:11,ACK
EDI70501,SH101419,214,2025-11-07 13:25,ACK
EDI70502,SH103617,210,2025-08-21 14:42,PENDING
EDI70503,SH102564,997,2026-04-20 15:54,NACK
EDI70504,SH100634,990,2026-03-26 12:38,ACK
EDI70505,SH100838,990,2025-11-08 11:24,ACK
EDI70506,SH100362,997,2026-05-03 15:18,ACK
EDI70507,SH102259,210,2025-11-03 21:18,NACK
EDI70508,SH103816,210,2025-02-06 16:37,ACK
EDI70509,SH102381,997,2025-03-03 08:13,PENDING
EDI70510,SH103942,997,2025-06-09 09:21,ACK
EDI70511,SH100978,210,2026-03-16 15:27,NACK
EDI70512,SH103057,210,2025-06-28 15:11,PENDING
EDI70513,SH101159,997,2025-07-03 16:09,ACK
EDI70514,SH101591,990,2025-02-21 10:47,PENDING
EDI70515,SH102189,997,2025-04-01 17:17,PENDING
EDI70516,SH102930,990,2025-06-14 13:12,ACK
EDI70517,SH103830,997,2025-06-25 17:14,NACK
EDI70518,SH100030,990,2026-05-03 17:53,NACK
EDI70519,SH101135,997,2025-06-07 13:58,PENDING
EDI70520,SH104149,997,2025-06-13 15:48,NACK
EDI70521,SH100509,997,2025-02-03 10:08,NACK
EDI70522,SH101379,214,2026-05-12 07:02,NACK
EDI70523,SH101902,214,2025-08-19 21:31,PENDING
EDI70524,SH104067,997,2026-03-20 17:33,NACK
EDI70525,SH103156,214,2025-09-16 19:52,NACK
EDI70526,SH103680,210,2026-01-18 19:00,NACK
EDI70527,SH101304,210,2026-01-05 21:16,NACK
EDI70528,SH101965,990,2025-07-05 18:53,PENDING
EDI70529,SH100693,214,2026-04-14 12:08,ACK
EDI70530,SH101042,997,2025-08-17 07:54,NACK
EDI70531,SH103283,997,2026-05-13 10:10,PENDING
EDI70532,SH102166,210,2025-07-31 08:30,PENDING
EDI70533,SH100673,210,2025-08-26 14:39,PENDING
EDI70534,SH101870,997,2026-04-09 19:36,ACK
EDI70535,SH102083,214,2026-01-09 20:19,ACK
EDI70536,SH102776,990,2025-07-25 06:02,NACK
EDI70537,SH101134,997,2025-07-18 12:02,PENDING
EDI70538,SH102615,210,2025-01-03 20:10,PENDING
EDI70539,SH100782,210,2025-11-18 09:31,ACK
EDI70540,SH103423,997,2025-12-24 09:23,ACK
EDI70541,SH101158,210,2025-12-02 16:02,ACK
EDI70542,SH101487,214,2025-11-21 13:20,ACK
EDI70543,SH103231,210,2026-02-21 19:27,PENDING
EDI70544,SH102178,990,2026-03-02 10:31,NACK
EDI70545,SH102920,214,2025-11-02 12:58,ACK
EDI70546,SH101551,210,2025-09-02 11:52,ACK
EDI70547,SH101906,210,2026-05-12 13:36,PENDING
EDI70548,SH102675,997,2025-11-29 07:30,PENDING
EDI70549,SH101221,990,2026-05-10 15:58,ACK
EDI70550,SH102747,214,2025-12-15 09:46,ACK
EDI70551,SH102628,997,2026-04-09 10:56,NACK
EDI70552,SH100201,990,2025-12-24 09:16,NACK
EDI70553,SH100790,997,2026-04-04 16:20,PENDING
EDI70554,SH103134,210,2025-04-04 20:04,NACK
EDI70555,SH101627,210,2025-05-19 17:49,ACK
EDI70556,SH101023,210,2025-03-02 13:43,ACK
EDI70557,SH100069,210,2026-03-02 21:37,PENDING
EDI70558,SH101662,214,2026-05-13 20:27,ACK
EDI70559,SH102029,990,2026-02-11 15:08,ACK
EDI70560,SH100002,990,2026-04-22 20:40,ACK
EDI70561,SH103078,210,2025-12-22 11:03,ACK
EDI70562,SH100137,997,2026-05-23 15:32,NACK
EDI70563,SH102511,990,2026-04-20 20:02,PENDING
EDI70564,SH100907,990,2026-03-12 13:12,ACK
EDI70565,SH101365,997,2025-11-25 21:35,ACK
EDI70566,SH103654,997,2025-01-27 14:51,PENDING
EDI70567,SH103844,214,2025-03-05 17:45,PENDING
EDI70568,SH100125,214,2026-04-19 15:16,PENDING
EDI70569,SH102721,214,2026-04-06 12:05,NACK
EDI70570,SH100314,997,2026-04-03 18:13,ACK
EDI70571,SH100237,214,2025-08-20 15:00,ACK
EDI70572,SH103332,210,2026-01-10 09:19,NACK
EDI70573,SH100499,990,2025-07-16 16:32,ACK
EDI70574,SH101732,997,2025-12-16 17:30,NACK
EDI70575,SH103176,214,2025-04-03 18:01,NACK
EDI70576,SH102920,214,2025-09-28 12:29,PENDING
EDI70577,SH103321,214,2025-06-20 08:44,NACK
EDI70578,SH103066,990,2026-03-02 11:57,NACK
EDI70579,SH101246,210,2025-02-14 21:52,ACK
EDI70580,SH104147,214,2026-04-05 07:03,PENDING
EDI70581,SH101559,214,2026-03-27 19:24,ACK
EDI70582,SH101984,210,2025-07-13 07:38,PENDING
EDI70583,SH101120,990,2026-05-20 15:35,NACK
EDI70584,SH103500,210,2025-12-13 20:59,PENDING
EDI70585,SH100186,990,2026-02-16 15:29,PENDING
EDI70586,SH101045,990,2025-06-11 06:31,PENDING
EDI70587,SH102220,214,2025-02-02 18:39,NACK
EDI70588,SH101682,990,2026-02-13 19:54,NACK
EDI70589,SH104125,214,2025-10-08 06:57,NACK
EDI70590,SH103447,990,2025-08-26 07:07,ACK
EDI70591,SH104157,997,2025-12-10 21:53,NACK
EDI70592,SH102340,997,2026-05-06 20:14,NACK
EDI70593,SH103723,990,2025-02-28 16:27,NACK
EDI70594,SH103875,997,2025-02-28 21:26,ACK
EDI70595,SH100050,210,2026-04-14 12:45,PENDING
EDI70596,SH102956,210,2026-01-12 07:57,ACK
EDI70597,SH103176,214,2026-04-11 14:58,NACK
EDI70598,SH102151,990,2025-09-26 06:32,NACK
EDI70599,SH103673,210,2025-10-27 07:16,ACK
EDI70600,SH103850,990,2025-09-26 21:27,ACK
EDI70601,SH102431,997,2025-07-10 10:03,ACK
EDI70602,SH100169,997,2026-04-27 11:32,PENDING
EDI70603,SH101423,990,2025-09-14 13:57,PENDING
EDI70604,SH100583,997,2026-02-05 18:30,ACK
EDI70605,SH101299,210,2025-10-22 07:30,NACK
EDI70606,SH103595,997,2025-12-19 11:01,NACK
EDI70607,SH103072,210,2026-03-03 19:23,PENDING
EDI70608,SH103119,214,2026-02-14 06:34,ACK
EDI70609,SH102022,990,2025-05-01 09:32,NACK
EDI70610,SH101018,214,2025-08-28 12:45,PENDING
EDI70611,SH100076,997,2025-01-12 21:19,ACK
EDI70612,SH101549,997,2026-04-22 15:33,NACK
EDI70613,SH103083,210,2025-01-31 18:58,PENDING
EDI70614,SH104135,214,2026-05-10 07:34,PENDING
EDI70615,SH102530,214,2025-07-29 07:09,PENDING
EDI70616,SH100986,997,2025-07-30 19:01,ACK
EDI70617,SH101744,997,2026-03-31 13:38,PENDING
EDI70618,SH102268,214,2025-08-28 14:37,ACK
EDI70619,SH103193,997,2025-04-03 13:08,NACK
EDI70620,SH102807,210,2026-03-06 15:01,PENDING
EDI70621,SH102439,214,2026-03-19 10:48,ACK
EDI70622,SH102826,210,2026-04-09 17:01,PENDING
EDI70623,SH103143,990,2025-10-01 14:28,PENDING
EDI70624,SH103930,210,2025-08-27 16:59,PENDING
EDI70625,SH102024,210,2025-11-16 06:57,NACK
EDI70626,SH102175,210,2025-06-10 18:01,ACK
EDI70627,SH103553,997,2025-05-29 06:28,NACK
EDI70628,SH102827,214,2026-03-09 08:00,NACK
EDI70629,SH100347,990,2025-12-15 14:58,ACK
EDI70630,SH100705,997,2025-06-11 06:37,PENDING
EDI70631,SH101544,214,2025-05-16 07:44,PENDING
EDI70632,SH104025,210,2026-03-13 07:26,PENDING
EDI70633,SH102136,990,2025-12-28 17:30,NACK
EDI70634,SH100007,990,2025-03-13 09:00,NACK
EDI70635,SH100901,990,2025-07-19 12:17,ACK
EDI70636,SH102645,210,2025-07-07 19:21,ACK
EDI70637,SH101806,210,2026-04-09 16:51,PENDING
EDI70638,SH100145,214,2026-04-29 09:27,PENDING
EDI70639,SH102263,210,2025-07-31 14:13,PENDING
EDI70640,SH102506,997,2026-03-17 06:31,ACK
EDI70641,SH100076,214,2025-05-14 06:41,NACK
EDI70642,SH100206,997,2025-05-07 15:56,ACK
EDI70643,SH102113,990,2026-02-25 10:38,NACK
EDI70644,SH101137,210,2025-01-22 13:20,PENDING
EDI70645,SH100504,997,2025-02-15 21:34,ACK
EDI70646,SH102552,990,2025-02-04 15:47,ACK
EDI70647,SH100745,997,2025-10-29 18:31,NACK
EDI70648,SH102886,210,2026-01-30 14:32,ACK
EDI70649,SH103888,210,2025-05-31 21:34,PENDING
EDI70650,SH102229,214,2025-07-02 16:29,ACK
EDI70651,SH102229,990,2025-10-27 17:30,PENDING
EDI70652,SH102644,990,2025-01-06 14:17,PENDING
EDI70653,SH102629,997,2025-04-11 08:16,ACK
EDI70654,SH100342,210,2026-02-11 09:38,NACK
EDI70655,SH103438,997,2025-12-10 18:16,NACK
EDI70656,SH101574,990,2026-02-18 10:13,PENDING
EDI70657,SH101454,997,2025-06-17 21:01,PENDING
EDI70658,SH103943,210,2026-05-10 12:05,PENDING
EDI70659,SH100110,214,2025-06-07 10:43,PENDING
EDI70660,SH101683,214,2025-09-03 10:32,NACK
EDI70661,SH100563,210,2025-07-10 10:37,PENDING
EDI70662,SH102074,997,2026-01-24 18:24,ACK
EDI70663,SH104131,214,2025-03-15 14:06,ACK
EDI70664,SH100623,214,2025-09-18 18:42,NACK
EDI70665,SH102688,210,2025-07-15 19:27,ACK
EDI70666,SH103940,214,2025-05-19 20:33,ACK
EDI70667,SH103626,997,2026-03-26 06:17,PENDING
EDI70668,SH102219,210,2025-04-13 18:16,NACK
EDI70669,SH103588,210,2025-05-11 08:56,ACK
EDI70670,SH103747,214,2025-11-16 08:36,NACK
EDI70671,SH101854,997,2025-11-10 19:39,ACK
EDI70672,SH102015,997,2025-11-02 21:28,NACK
EDI70673,SH102748,990,2025-05-09 14:30,PENDING
EDI70674,SH103131,990,2026-04-16 19:11,NACK
EDI70675,SH102930,990,2025-04-22 11:24,NACK
EDI70676,SH102072,214,2025-06-08 11:39,PENDING
EDI70677,SH100843,990,2025-06-16 14:25,NACK
EDI70678,SH101783,997,2026-01-28 19:03,ACK
EDI70679,SH101747,997,2025-10-27 07:50,ACK
EDI70680,SH101441,990,2025-05-09 21:54,NACK
EDI70681,SH104187,210,2025-12-28 13:30,NACK
EDI70682,SH101490,997,2026-02-08 17:08,NACK
EDI70683,SH102932,997,2025-07-24 21:34,PENDING
EDI70684,SH103830,214,2025-10-10 07:21,ACK
EDI70685,SH100973,997,2025-07-17 11:27,NACK
EDI70686,SH102983,210,2026-05-31 06:37,ACK
EDI70687,SH102062,210,2025-03-25 07:59,NACK
EDI70688,SH103233,210,2025-12-11 14:29,ACK
EDI70689,SH103602,214,2025-08-30 06:38,ACK
EDI70690,SH103119,214,2026-02-11 16:00,ACK
EDI70691,SH101520,997,2025-11-03 11:12,NACK
EDI70692,SH103370,997,2025-05-07 13:38,PENDING
EDI70693,SH102694,997,2026-03-27 16:47,PENDING
EDI70694,SH102187,997,2025-01-24 18:21,ACK
EDI70695,SH100700,997,2026-01-09 19:27,PENDING
EDI70696,SH102921,210,2025-07-29 21:44,ACK
EDI70697,SH103076,990,2025-04-30 19:58,PENDING
EDI70698,SH100684,990,2025-06-24 13:17,PENDING
EDI70699,SH103625,210,2025-12-03 06:14,PENDING
EDI70700,SH101075,210,2025-08-09 17:45,ACK
EDI70701,SH102358,210,2025-04-11 14:30,ACK
EDI70702,SH102564,990,2026-04-28 12:43,NACK
EDI70703,SH103630,210,2026-03-21 13:32,NACK
EDI70704,SH102877,210,2025-04-06 09:15,NACK
EDI70705,SH100941,990,2025-01-16 20:05,PENDING
EDI70706,SH100178,210,2025-06-05 10:10,PENDING
EDI70707,SH100670,990,2025-12-12 07:01,ACK
EDI70708,SH101155,210,2025-01-26 06:45,ACK
EDI70709,SH104021,990,2025-03-29 13:01,PENDING
EDI70710,SH101882,214,2026-05-13 08:20,NACK
EDI70711,SH101605,210,2025-04-25 14:32,NACK
EDI70712,SH103783,990,2026-01-01 21:09,NACK
EDI70713,SH100150,214,2025-12-31 19:02,NACK
EDI70714,SH102582,210,2025-06-17 10:55,ACK
EDI70715,SH102692,210,2025-02-16 17:52,NACK
EDI70716,SH101623,990,2026-05-09 10:51,ACK
EDI70717,SH103519,990,2025-07-06 19:09,NACK
EDI70718,SH103830,997,2025-07-17 19:36,NACK
EDI70719,SH103134,997,2025-01-01 06:40,ACK
EDI70720,SH104117,997,2026-03-27 09:44,NACK
EDI70721,SH100262,210,2025-10-24 14:39,PENDING
EDI70722,SH100338,214,2025-09-21 14:00,PENDING
EDI70723,SH103467,210,2025-10-29 17:38,PENDING
EDI70724,SH100807,210,2026-05-18 15:12,NACK
EDI70725,SH101757,990,2025-09-13 07:42,NACK
EDI70726,SH103537,214,2025-03-11 13:29,PENDING
EDI70727,SH100710,214,2026-04-14 18:28,NACK
EDI70728,SH100657,214,2026-04-23 19:03,PENDING
EDI70729,SH101371,210,2026-05-06 06:08,PENDING
EDI70730,SH102548,214,2025-08-19 15:33,ACK
EDI70731,SH103961,214,2026-02-06 19:30,PENDING
EDI70732,SH101694,214,2025-06-13 07:22,ACK
EDI70733,SH100642,210,2026-03-27 16:35,ACK
EDI70734,SH103526,214,2025-06-25 10:32,NACK
EDI70735,SH100380,210,2026-05-06 10:58,ACK
EDI70736,SH100059,210,2025-04-09 21:12,NACK
EDI70737,SH104160,214,2026-02-08 07:24,PENDING
EDI70738,SH102803,997,2025-01-16 21:29,ACK
EDI70739,SH100648,990,2025-05-05 12:16,NACK
EDI70740,SH100562,214,2025-09-27 19:48,ACK
EDI70741,SH101341,990,2026-04-03 19:15,ACK
EDI70742,SH102912,214,2026-05-05 14:37,PENDING
EDI70743,SH103659,214,2026-02-08 13:43,NACK
EDI70744,SH102534,214,2026-02-13 08:28,NACK
EDI70745,SH103739,210,2026-01-12 20:59,NACK
EDI70746,SH103176,214,2025-09-29 18:14,ACK
EDI70747,SH103632,997,2025-08-22 11:48,PENDING
EDI70748,SH101024,990,2026-04-24 12:40,PENDING
EDI70749,SH102292,997,2025-05-06 15:44,ACK
EDI70750,SH104197,997,2026-03-02 13:12,NACK
EDI70751,SH102470,210,2026-04-06 17:30,NACK
EDI70752,SH102536,214,2025-11-17 12:04,PENDING
EDI70753,SH102997,997,2026-02-08 15:48,ACK
EDI70754,SH100179,214,2025-04-23 07:28,PENDING
EDI70755,SH103748,210,2025-04-27 19:00,ACK
EDI70756,SH102134,997,2025-08-13 18:20,NACK
EDI70757,SH101624,990,2025-01-31 13:29,ACK
EDI70758,SH102277,210,2025-03-23 14:44,NACK
EDI70759,SH103469,997,2025-01-13 21:28,PENDING
EDI70760,SH101274,210,2025-12-24 09:38,PENDING
EDI70761,SH102190,214,2026-05-18 08:01,PENDING
EDI70762,SH100156,990,2025-05-02 21:06,PENDING
EDI70763,SH103738,210,2026-05-13 07:12,NACK
EDI70764,SH103500,210,2026-05-02 06:39,NACK
EDI70765,SH100889,990,2025-02-16 18:06,ACK
EDI70766,SH100555,997,2025-03-12 06:33,NACK
EDI70767,SH102048,210,2026-02-27 06:32,ACK
EDI70768,SH101631,990,2025-02-15 08:34,NACK
EDI70769,SH101532,210,2025-10-02 10:02,PENDING
EDI70770,SH101422,210,2025-03-07 10:49,ACK
EDI70771,SH100759,210,2025-06-29 20:14,NACK
EDI70772,SH100294,210,2026-01-07 07:27,ACK
EDI70773,SH101796,990,2026-04-21 11:43,NACK
EDI70774,SH103502,990,2025-02-24 10:02,PENDING
EDI70775,SH100807,990,2026-02-14 10:55,PENDING
EDI70776,SH102986,214,2025-02-15 07:26,ACK
EDI70777,SH101335,997,2026-02-01 14:57,ACK
EDI70778,SH100304,210,2026-04-21 14:52,ACK
EDI70779,SH102184,210,2025-10-25 13:12,NACK
EDI70780,SH100247,210,2026-03-24 11:10,NACK
EDI70781,SH103702,210,2026-04-24 10:39,ACK
EDI70782,SH100685,214,2025-04-06 07:46,PENDING
EDI70783,SH100697,990,2025-12-06 06:37,NACK
EDI70784,SH101728,214,2025-05-06 12:03,PENDING
EDI70785,SH101828,214,2026-04-03 10:00,PENDING
EDI70786,SH102826,997,2025-09-24 19:14,ACK
EDI70787,SH103030,210,2025-06-10 11:21,PENDING
EDI70788,SH102600,214,2026-05-29 16:55,NACK
EDI70789,SH103649,990,2025-05-03 07:51,NACK
EDI70790,SH102105,997,2025-11-25 14:52,NACK
EDI70791,SH102377,990,2025-12-21 19:43,ACK
EDI70792,SH100985,210,2025-08-27 08:07,ACK
EDI70793,SH103604,990,2025-01-09 19:19,ACK
EDI70794,SH102736,990,2025-02-19 13:16,ACK
EDI70795,SH101015,210,2025-07-31 12:59,NACK
EDI70796,SH102458,214,2026-04-15 07:51,NACK
EDI70797,SH104166,990,2025-06-16 21:17,PENDING
EDI70798,SH101096,997,2026-05-16 13:40,PENDING
EDI70799,SH101268,210,2026-02-12 14:25,PENDING
EDI70800,SH100369,214,2025-11-23 13:12,PENDING
