Id,cust_ref,req_date,window_start,window_end,Status
PU50001,P-1176,2025-03-10,07:00,15:00,CANCELLED
PU50002,P-1093,2026-03-05,10:00,15:00,MISSED
PU50003,P-1213,2025-08-29,09:00,16:00,MISSED
PU50004,P-1018,2026-03-29,08:00,18:00,FULFILLED
PU50005,P-1142,2026-02-19,09:00,14:00,FULFILLED
PU50006,P-1219,2025-07-11,10:00,16:00,MISSED
PU50007,P-1068,2025-03-24,11:00,16:00,FULFILLED
PU50008,P-1087,2026-03-29,07:00,17:00,FULFILLED
PU50009,P-1062,2025-07-24,07:00,13:00,MISSED
PU50010,P-1168,2025-12-05,10:00,15:00,MISSED
PU50011,P-1204,2025-04-22,10:00,16:00,MISSED
PU50012,P-1117,2026-02-09,08:00,17:00,MISSED
PU50013,P-1053,2025-02-12,07:00,14:00,CANCELLED
PU50014,P-1200,2026-04-09,11:00,14:00,FULFILLED
PU50015,P-1200,2025-05-07,07:00,16:00,MISSED
PU50016,P-1202,2025-09-14,11:00,16:00,MISSED
PU50017,P-1110,2025-05-04,11:00,17:00,CANCELLED
PU50018,P-1037,2025-05-03,08:00,15:00,CANCELLED
PU50019,P-1144,2025-04-06,11:00,17:00,CANCELLED
PU50020,P-1234,2025-03-16,10:00,15:00,CANCELLED
PU50021,P-1213,2025-08-01,10:00,14:00,CANCELLED
PU50022,P-1037,2025-11-15,10:00,18:00,MISSED
PU50023,P-1074,2025-02-21,10:00,15:00,MISSED
PU50024,P-1031,2025-05-11,09:00,16:00,MISSED
PU50025,P-1056,2025-12-15,08:00,15:00,CANCELLED
PU50026,P-1142,2026-05-13,10:00,17:00,CANCELLED
PU50027,P-1144,2025-11-04,11:00,13:00,CANCELLED
PU50028,P-1077,2026-03-14,11:00,15:00,FULFILLED
PU50029,P-1085,2025-08-02,08:00,14:00,CANCELLED
PU50030,P-1116,2025-07-28,09:00,17:00,FULFILLED
PU50031,P-1238,2026-01-30,07:00,17:00,MISSED
PU50032,P-1069,2025-12-20,10:00,15:00,CANCELLED
PU50033,P-1070,2025-08-31,10:00,18:00,CANCELLED
PU50034,P-1032,2025-11-20,09:00,15:00,MISSED
PU50035,P-1030,2025-03-26,09:00,16:00,CANCELLED
PU50036,P-1221,2025-01-28,10:00,17:00,MISSED
PU50037,P-1235,2025-07-19,10:00,18:00,MISSED
PU50038,P-1007,2025-08-25,07:00,14:00,CANCELLED
PU50039,P-1108,2025-12-20,10:00,13:00,CANCELLED
PU50040,P-1057,2025-02-23,07:00,14:00,CANCELLED
PU50041,P-1013,2026-03-18,07:00,18:00,CANCELLED
PU50042,P-1208,2025-08-24,10:00,13:00,FULFILLED
PU50043,P-1194,2026-02-01,08:00,16:00,FULFILLED
PU50044,P-1164,2025-12-19,08:00,13:00,FULFILLED
PU50045,P-1065,2025-01-02,07:00,17:00,CANCELLED
PU50046,P-1170,2025-10-03,09:00,14:00,MISSED
PU50047,P-1122,2026-02-19,09:00,15:00,CANCELLED
PU50048,P-1172,2025-06-10,08:00,13:00,MISSED
PU50049,P-1197,2025-11-07,11:00,15:00,CANCELLED
PU50050,P-1229,2025-07-30,09:00,14:00,FULFILLED
PU50051,P-1177,2026-01-11,08:00,18:00,CANCELLED
PU50052,P-1065,2026-04-29,07:00,17:00,MISSED
PU50053,P-1190,2026-03-06,08:00,15:00,CANCELLED
PU50054,P-1018,2025-01-19,10:00,14:00,MISSED
PU50055,P-1133,2025-08-09,08:00,15:00,MISSED
PU50056,P-1027,2025-09-25,09:00,16:00,MISSED
PU50057,P-1231,2026-05-24,10:00,17:00,FULFILLED
PU50058,P-1059,2025-08-21,07:00,18:00,CANCELLED
PU50059,P-1090,2025-08-12,10:00,14:00,FULFILLED
PU50060,P-1151,2026-04-17,11:00,18:00,MISSED
PU50061,P-1184,2025-09-26,10:00,13:00,FULFILLED
PU50062,P-1131,2025-03-24,07:00,17:00,CANCELLED
PU50063,P-1136,2025-07-15,10:00,17:00,CANCELLED
PU50064,P-1199,2025-10-12,10:00,14:00,CANCELLED
PU50065,P-1134,2025-03-14,07:00,15:00,FULFILLED
PU50066,P-1208,2025-06-15,08:00,17:00,MISSED
PU50067,P-1169,2025-02-10,08:00,14:00,CANCELLED
PU50068,P-1207,2026-04-20,07:00,13:00,MISSED
PU50069,P-1016,2025-01-03,09:00,13:00,FULFILLED
PU50070,P-1080,2025-07-30,11:00,16:00,FULFILLED
PU50071,P-1110,2025-12-01,08:00,14:00,CANCELLED
PU50072,P-1203,2026-03-21,10:00,17:00,MISSED
PU50073,P-1124,2026-04-18,08:00,16:00,FULFILLED
PU50074,P-1117,2025-01-02,10:00,13:00,CANCELLED
PU50075,P-1085,2025-08-10,10:00,18:00,MISSED
PU50076,P-1198,2026-05-19,08:00,15:00,FULFILLED
PU50077,P-1201,2025-07-24,09:00,18:00,FULFILLED
PU50078,P-1205,2025-12-14,08:00,16:00,MISSED
PU50079,P-1207,2026-05-31,10:00,13:00,MISSED
PU50080,P-1156,2026-01-18,07:00,13:00,FULFILLED
PU50081,P-1140,2025-01-03,10:00,17:00,FULFILLED
PU50082,P-1103,2026-05-27,09:00,17:00,FULFILLED
PU50083,P-1011,2025-12-22,09:00,17:00,MISSED
PU50084,P-1102,2025-12-20,07:00,17:00,FULFILLED
PU50085,P-1026,2025-03-15,10:00,13:00,FULFILLED
PU50086,P-1107,2025-08-22,10:00,13:00,MISSED
PU50087,P-1203,2026-04-07,08:00,16:00,FULFILLED
PU50088,P-1011,2025-10-16,11:00,17:00,MISSED
PU50089,P-1118,2025-03-13,08:00,17:00,MISSED
PU50090,P-1152,2026-05-04,11:00,14:00,MISSED
PU50091,P-1090,2025-03-15,11:00,15:00,FULFILLED
PU50092,P-1237,2025-02-14,10:00,18:00,MISSED
PU50093,P-1120,2025-03-14,11:00,18:00,FULFILLED
PU50094,P-1124,2025-09-20,11:00,15:00,CANCELLED
PU50095,P-1188,2026-01-29,08:00,17:00,FULFILLED
PU50096,P-1061,2025-08-14,11:00,18:00,FULFILLED
PU50097,P-1144,2025-03-19,11:00,15:00,CANCELLED
PU50098,P-1028,2025-10-14,08:00,17:00,FULFILLED
PU50099,P-1086,2026-05-18,08:00,14:00,CANCELLED
PU50100,P-1150,2025-07-21,11:00,14:00,CANCELLED
PU50101,P-1084,2025-05-17,11:00,17:00,CANCELLED
PU50102,P-1108,2026-03-06,09:00,18:00,CANCELLED
PU50103,P-1128,2025-04-24,07:00,14:00,MISSED
PU50104,P-1213,2025-10-29,10:00,16:00,CANCELLED
PU50105,P-1199,2025-01-05,11:00,18:00,CANCELLED
PU50106,P-1050,2026-03-29,11:00,16:00,FULFILLED
PU50107,P-1132,2026-03-04,11:00,16:00,MISSED
PU50108,P-1187,2025-11-12,07:00,14:00,MISSED
PU50109,P-1229,2025-11-06,07:00,17:00,FULFILLED
PU50110,P-1025,2026-05-13,08:00,14:00,MISSED
PU50111,P-1212,2025-05-17,07:00,18:00,MISSED
PU50112,P-1169,2026-05-31,07:00,13:00,CANCELLED
PU50113,P-1140,2025-10-24,10:00,16:00,CANCELLED
PU50114,P-1070,2025-11-15,11:00,14:00,FULFILLED
PU50115,P-1004,2026-05-12,08:00,13:00,FULFILLED
PU50116,P-1192,2025-10-04,08:00,16:00,MISSED
PU50117,P-1220,2026-04-30,09:00,18:00,CANCELLED
PU50118,P-1082,2025-11-13,07:00,13:00,CANCELLED
PU50119,P-1073,2025-08-09,10:00,14:00,CANCELLED
PU50120,P-1012,2025-05-03,07:00,14:00,MISSED
PU50121,P-1239,2025-01-13,08:00,16:00,FULFILLED
PU50122,P-1090,2025-09-19,11:00,14:00,CANCELLED
PU50123,P-1036,2025-09-03,09:00,15:00,MISSED
PU50124,P-1048,2025-07-07,08:00,14:00,MISSED
PU50125,P-1226,2025-02-25,08:00,13:00,MISSED
PU50126,P-1076,2025-01-17,10:00,16:00,FULFILLED
PU50127,P-1186,2025-07-24,10:00,17:00,FULFILLED
PU50128,P-1085,2025-10-28,07:00,18:00,MISSED
PU50129,P-1069,2025-07-13,09:00,18:00,CANCELLED
PU50130,P-1167,2025-01-11,10:00,14:00,MISSED
PU50131,P-1187,2025-02-08,09:00,16:00,FULFILLED
PU50132,P-1111,2025-07-25,08:00,16:00,CANCELLED
PU50133,P-1232,2026-04-03,09:00,17:00,FULFILLED
PU50134,P-1208,2026-01-30,09:00,15:00,MISSED
PU50135,P-1094,2025-10-15,10:00,18:00,CANCELLED
PU50136,P-1061,2025-02-28,10:00,13:00,MISSED
PU50137,P-1080,2026-02-07,07:00,18:00,CANCELLED
PU50138,P-1240,2025-12-20,08:00,13:00,FULFILLED
PU50139,P-1174,2025-01-20,11:00,17:00,MISSED
PU50140,P-1045,2025-08-14,09:00,18:00,CANCELLED
PU50141,P-1231,2025-08-12,07:00,18:00,MISSED
PU50142,P-1229,2025-09-27,10:00,14:00,CANCELLED
PU50143,P-1018,2025-05-27,07:00,13:00,MISSED
PU50144,P-1042,2026-01-06,10:00,15:00,MISSED
PU50145,P-1039,2025-09-09,08:00,14:00,CANCELLED
PU50146,P-1185,2026-03-08,09:00,17:00,FULFILLED
PU50147,P-1073,2026-02-06,10:00,13:00,CANCELLED
PU50148,P-1043,2025-08-17,11:00,14:00,CANCELLED
PU50149,P-1072,2025-08-17,08:00,17:00,FULFILLED
PU50150,P-1233,2025-04-06,11:00,15:00,FULFILLED
PU50151,P-1053,2025-01-30,08:00,15:00,FULFILLED
PU50152,P-1231,2025-03-19,07:00,13:00,CANCELLED
PU50153,P-1164,2025-05-05,07:00,18:00,MISSED
PU50154,P-1119,2025-12-19,11:00,14:00,FULFILLED
PU50155,P-1086,2025-09-15,08:00,18:00,MISSED
PU50156,P-1080,2025-03-01,11:00,17:00,FULFILLED
PU50157,P-1156,2025-02-01,11:00,17:00,FULFILLED
PU50158,P-1195,2025-12-29,09:00,15:00,MISSED
PU50159,P-1101,2025-12-19,07:00,14:00,MISSED
PU50160,P-1075,2025-09-28,07:00,15:00,FULFILLED
PU50161,P-1143,2026-01-10,08:00,16:00,MISSED
PU50162,P-1126,2025-10-02,07:00,13:00,MISSED
PU50163,P-1166,2025-05-10,09:00,13:00,MISSED
PU50164,P-1059,2026-05-26,08:00,18:00,MISSED
PU50165,P-1101,2025-10-08,07:00,13:00,FULFILLED
PU50166,P-1034,2025-04-15,07:00,16:00,CANCELLED
PU50167,P-1124,2025-06-02,10:00,15:00,MISSED
PU50168,P-1235,2025-03-04,07:00,18:00,CANCELLED
PU50169,P-1199,2025-08-31,09:00,14:00,MISSED
PU50170,P-1130,2026-01-04,09:00,15:00,MISSED
PU50171,P-1059,2026-02-13,08:00,16:00,FULFILLED
PU50172,P-1100,2025-03-06,09:00,13:00,MISSED
PU50173,P-1073,2026-04-09,09:00,14:00,CANCELLED
PU50174,P-1068,2025-12-29,09:00,15:00,MISSED
PU50175,P-1163,2025-06-19,08:00,16:00,FULFILLED
PU50176,P-1097,2026-05-22,10:00,17:00,CANCELLED
PU50177,P-1225,2025-10-02,09:00,17:00,MISSED
PU50178,P-1105,2026-05-11,08:00,16:00,FULFILLED
PU50179,P-1030,2025-07-29,08:00,18:00,FULFILLED
PU50180,P-1102,2025-01-03,07:00,13:00,FULFILLED
PU50181,P-1149,2025-05-15,08:00,17:00,MISSED
PU50182,P-1036,2025-05-06,10:00,15:00,CANCELLED
PU50183,P-1145,2026-01-20,07:00,16:00,CANCELLED
PU50184,P-1024,2025-09-27,09:00,17:00,MISSED
PU50185,P-1202,2025-08-08,11:00,14:00,CANCELLED
PU50186,P-1041,2026-04-06,09:00,13:00,FULFILLED
PU50187,P-1100,2026-05-07,07:00,16:00,MISSED
PU50188,P-1129,2025-07-10,08:00,18:00,FULFILLED
PU50189,P-1142,2025-04-19,09:00,17:00,FULFILLED
PU50190,P-1185,2025-10-10,11:00,14:00,FULFILLED
PU50191,P-1171,2025-10-20,10:00,16:00,FULFILLED
PU50192,P-1237,2025-01-02,09:00,17:00,CANCELLED
PU50193,P-1224,2025-10-27,09:00,17:00,CANCELLED
PU50194,P-1062,2025-04-03,08:00,13:00,MISSED
PU50195,P-1130,2025-07-02,09:00,13:00,CANCELLED
PU50196,P-1020,2025-03-07,10:00,13:00,FULFILLED
PU50197,P-1230,2026-05-11,07:00,18:00,FULFILLED
PU50198,P-1051,2025-07-01,10:00,16:00,FULFILLED
PU50199,P-1083,2026-01-13,07:00,17:00,MISSED
PU50200,P-1174,2026-02-26,09:00,15:00,FULFILLED
PU50201,P-1181,2025-10-21,07:00,16:00,CANCELLED
PU50202,P-1078,2026-01-20,07:00,17:00,FULFILLED
PU50203,P-1149,2026-01-10,09:00,17:00,MISSED
PU50204,P-1173,2025-07-22,10:00,16:00,FULFILLED
PU50205,P-1224,2025-03-26,11:00,15:00,MISSED
PU50206,P-1037,2026-03-23,11:00,18:00,FULFILLED
PU50207,P-1196,2026-01-28,09:00,16:00,CANCELLED
PU50208,P-1155,2025-09-27,09:00,14:00,MISSED
PU50209,P-1210,2025-01-13,07:00,15:00,CANCELLED
PU50210,P-1100,2026-02-14,09:00,17:00,MISSED
PU50211,P-1206,2025-06-03,11:00,15:00,MISSED
PU50212,P-1051,2025-11-18,10:00,18:00,MISSED
PU50213,P-1207,2025-01-29,08:00,14:00,MISSED
PU50214,P-1005,2026-01-14,09:00,15:00,MISSED
PU50215,P-1008,2025-09-29,07:00,16:00,MISSED
PU50216,P-1228,2026-02-03,09:00,14:00,MISSED
PU50217,P-1020,2025-12-19,09:00,16:00,CANCELLED
PU50218,P-1069,2025-07-07,09:00,18:00,FULFILLED
PU50219,P-1034,2025-01-17,07:00,17:00,FULFILLED
PU50220,P-1041,2025-09-18,07:00,18:00,CANCELLED
PU50221,P-1141,2025-07-31,09:00,13:00,MISSED
PU50222,P-1095,2025-04-22,07:00,14:00,FULFILLED
PU50223,P-1044,2025-08-18,08:00,14:00,CANCELLED
PU50224,P-1005,2026-01-06,11:00,15:00,MISSED
PU50225,P-1099,2026-05-02,08:00,18:00,FULFILLED
PU50226,P-1076,2025-02-04,07:00,13:00,FULFILLED
PU50227,P-1075,2025-08-16,07:00,16:00,FULFILLED
PU50228,P-1109,2025-08-22,08:00,16:00,FULFILLED
PU50229,P-1142,2025-03-19,09:00,13:00,FULFILLED
PU50230,P-1014,2025-12-25,10:00,18:00,MISSED
PU50231,P-1174,2025-08-09,09:00,18:00,FULFILLED
PU50232,P-1184,2025-06-22,09:00,17:00,FULFILLED
PU50233,P-1079,2026-02-17,07:00,17:00,FULFILLED
PU50234,P-1151,2025-08-16,09:00,13:00,MISSED
PU50235,P-1208,2026-01-01,08:00,16:00,MISSED
PU50236,P-1034,2025-09-25,11:00,15:00,FULFILLED
PU50237,P-1097,2026-05-21,07:00,14:00,CANCELLED
PU50238,P-1134,2025-07-07,07:00,18:00,FULFILLED
PU50239,P-1053,2025-11-26,10:00,15:00,CANCELLED
PU50240,P-1002,2026-05-13,07:00,18:00,FULFILLED
PU50241,P-1080,2025-03-12,10:00,18:00,CANCELLED
PU50242,P-1048,2026-03-25,09:00,18:00,FULFILLED
PU50243,P-1044,2025-01-25,08:00,13:00,FULFILLED
PU50244,P-1022,2026-04-28,10:00,17:00,FULFILLED
PU50245,P-1133,2025-11-07,07:00,14:00,CANCELLED
PU50246,P-1204,2025-07-09,10:00,13:00,MISSED
PU50247,P-1024,2025-10-18,10:00,15:00,CANCELLED
PU50248,P-1133,2026-04-13,11:00,14:00,CANCELLED
PU50249,P-1076,2026-02-19,07:00,18:00,CANCELLED
PU50250,P-1025,2025-05-15,08:00,16:00,MISSED
PU50251,P-1047,2025-09-15,09:00,16:00,MISSED
PU50252,P-1131,2026-03-30,11:00,18:00,MISSED
PU50253,P-1091,2025-11-07,11:00,13:00,FULFILLED
PU50254,P-1061,2026-01-19,09:00,15:00,CANCELLED
PU50255,P-1083,2025-09-11,10:00,17:00,CANCELLED
PU50256,P-1178,2025-06-21,08:00,13:00,CANCELLED
PU50257,P-1135,2025-08-05,11:00,18:00,CANCELLED
PU50258,P-1077,2025-02-19,09:00,17:00,CANCELLED
PU50259,P-1072,2026-04-02,09:00,14:00,FULFILLED
PU50260,P-1119,2026-02-08,11:00,15:00,MISSED
PU50261,P-1155,2025-01-02,09:00,13:00,FULFILLED
PU50262,P-1030,2026-05-23,08:00,16:00,MISSED
PU50263,P-1050,2026-04-26,09:00,16:00,CANCELLED
PU50264,P-1116,2025-03-06,07:00,16:00,MISSED
PU50265,P-1197,2025-07-12,07:00,17:00,CANCELLED
PU50266,P-1226,2025-02-25,10:00,17:00,CANCELLED
PU50267,P-1239,2025-12-28,10:00,13:00,FULFILLED
PU50268,P-1064,2025-06-07,07:00,18:00,FULFILLED
PU50269,P-1223,2025-07-11,09:00,13:00,MISSED
PU50270,P-1078,2025-05-17,08:00,16:00,CANCELLED
PU50271,P-1115,2026-01-12,10:00,15:00,MISSED
PU50272,P-1207,2025-11-18,09:00,16:00,FULFILLED
PU50273,P-1103,2025-07-09,08:00,17:00,FULFILLED
PU50274,P-1117,2026-04-03,09:00,13:00,CANCELLED
PU50275,P-1080,2026-03-29,07:00,14:00,FULFILLED
PU50276,P-1069,2025-03-03,09:00,17:00,MISSED
PU50277,P-1077,2025-08-21,08:00,15:00,MISSED
PU50278,P-1067,2025-10-03,07:00,18:00,MISSED
PU50279,P-1019,2025-06-10,10:00,14:00,CANCELLED
PU50280,P-1124,2025-10-06,08:00,17:00,FULFILLED
PU50281,P-1012,2025-05-20,09:00,16:00,FULFILLED
PU50282,P-1036,2026-01-21,10:00,15:00,FULFILLED
PU50283,P-1048,2025-10-02,10:00,14:00,FULFILLED
PU50284,P-1194,2025-12-21,11:00,15:00,MISSED
PU50285,P-1209,2025-12-07,08:00,18:00,MISSED
PU50286,P-1133,2025-01-31,10:00,13:00,MISSED
PU50287,P-1154,2025-10-31,11:00,15:00,CANCELLED
PU50288,P-1039,2025-04-17,11:00,17:00,CANCELLED
PU50289,P-1122,2025-06-04,08:00,17:00,FULFILLED
PU50290,P-1052,2025-02-02,10:00,17:00,CANCELLED
PU50291,P-1138,2025-05-03,09:00,15:00,FULFILLED
PU50292,P-1144,2025-09-04,08:00,13:00,CANCELLED
PU50293,P-1038,2025-01-17,09:00,15:00,CANCELLED
PU50294,P-1002,2025-01-28,08:00,15:00,FULFILLED
PU50295,P-1054,2025-07-25,10:00,17:00,MISSED
PU50296,P-1096,2025-03-18,09:00,15:00,MISSED
PU50297,P-1230,2025-10-15,10:00,14:00,FULFILLED
PU50298,P-1097,2026-01-06,09:00,16:00,FULFILLED
PU50299,P-1097,2025-04-06,09:00,16:00,CANCELLED
PU50300,P-1197,2025-03-03,10:00,18:00,CANCELLED
PU50301,P-1162,2025-10-01,07:00,17:00,FULFILLED
PU50302,P-1141,2026-01-28,07:00,15:00,FULFILLED
PU50303,P-1051,2025-09-27,09:00,15:00,MISSED
PU50304,P-1152,2025-06-28,08:00,16:00,MISSED
PU50305,P-1077,2025-01-09,11:00,16:00,MISSED
PU50306,P-1182,2026-03-03,08:00,14:00,CANCELLED
PU50307,P-1012,2025-10-22,10:00,17:00,FULFILLED
PU50308,P-1234,2025-11-20,09:00,13:00,FULFILLED
PU50309,P-1193,2025-11-13,08:00,14:00,CANCELLED
PU50310,P-1214,2026-01-17,10:00,16:00,MISSED
PU50311,P-1154,2026-01-31,11:00,14:00,FULFILLED
PU50312,P-1024,2025-10-15,09:00,17:00,CANCELLED
PU50313,P-1175,2025-02-07,08:00,17:00,CANCELLED
PU50314,P-1233,2026-01-20,09:00,16:00,MISSED
PU50315,P-1035,2025-01-09,08:00,16:00,FULFILLED
PU50316,P-1193,2025-01-05,10:00,16:00,MISSED
PU50317,P-1032,2025-11-25,10:00,17:00,FULFILLED
PU50318,P-1088,2025-02-04,11:00,17:00,FULFILLED
PU50319,P-1038,2025-07-24,09:00,14:00,MISSED
PU50320,P-1084,2025-04-12,10:00,13:00,CANCELLED
PU50321,P-1137,2025-11-17,11:00,17:00,CANCELLED
PU50322,P-1144,2025-09-09,08:00,18:00,MISSED
PU50323,P-1182,2026-03-05,10:00,16:00,FULFILLED
PU50324,P-1210,2025-05-12,09:00,14:00,FULFILLED
PU50325,P-1013,2026-03-12,09:00,14:00,MISSED
PU50326,P-1011,2025-04-10,07:00,14:00,FULFILLED
PU50327,P-1094,2026-04-14,07:00,15:00,MISSED
PU50328,P-1086,2026-01-09,08:00,14:00,MISSED
PU50329,P-1072,2026-05-08,10:00,18:00,MISSED
PU50330,P-1006,2026-01-26,07:00,14:00,FULFILLED
PU50331,P-1029,2025-04-10,10:00,18:00,CANCELLED
PU50332,P-1078,2026-02-07,11:00,17:00,FULFILLED
PU50333,P-1139,2025-12-05,11:00,15:00,MISSED
PU50334,P-1136,2025-05-27,07:00,15:00,MISSED
PU50335,P-1185,2025-06-06,07:00,13:00,CANCELLED
PU50336,P-1220,2026-02-24,10:00,13:00,MISSED
PU50337,P-1158,2025-10-30,08:00,18:00,CANCELLED
PU50338,P-1232,2025-04-12,08:00,14:00,CANCELLED
PU50339,P-1216,2026-02-14,08:00,13:00,FULFILLED
PU50340,P-1186,2026-04-22,10:00,17:00,FULFILLED
PU50341,P-1173,2025-11-17,11:00,18:00,MISSED
PU50342,P-1071,2025-04-08,11:00,13:00,MISSED
PU50343,P-1194,2025-08-02,07:00,14:00,CANCELLED
PU50344,P-1069,2025-07-29,07:00,14:00,MISSED
PU50345,P-1136,2025-09-02,07:00,14:00,MISSED
PU50346,P-1002,2025-10-10,11:00,17:00,MISSED
PU50347,P-1016,2026-02-01,08:00,16:00,FULFILLED
PU50348,P-1063,2025-02-14,07:00,16:00,FULFILLED
PU50349,P-1230,2025-05-14,11:00,16:00,CANCELLED
PU50350,P-1233,2025-02-19,08:00,16:00,FULFILLED
PU50351,P-1239,2025-09-24,10:00,18:00,CANCELLED
PU50352,P-1195,2026-01-17,07:00,16:00,CANCELLED
PU50353,P-1174,2025-11-29,08:00,13:00,CANCELLED
PU50354,P-1007,2025-07-12,11:00,18:00,CANCELLED
PU50355,P-1081,2025-11-11,07:00,16:00,MISSED
PU50356,P-1124,2025-08-30,10:00,15:00,CANCELLED
PU50357,P-1018,2025-10-12,09:00,18:00,FULFILLED
PU50358,P-1107,2025-10-05,09:00,15:00,CANCELLED
PU50359,P-1154,2025-09-12,09:00,13:00,CANCELLED
PU50360,P-1143,2025-09-25,11:00,16:00,CANCELLED
PU50361,P-1012,2025-01-14,08:00,17:00,CANCELLED
PU50362,P-1110,2025-11-10,08:00,15:00,CANCELLED
PU50363,P-1103,2025-06-18,09:00,16:00,FULFILLED
PU50364,P-1112,2025-08-09,08:00,18:00,FULFILLED
PU50365,P-1164,2025-09-01,11:00,13:00,FULFILLED
PU50366,P-1106,2026-03-18,10:00,18:00,CANCELLED
PU50367,P-1106,2025-10-01,07:00,18:00,FULFILLED
PU50368,P-1126,2025-12-06,09:00,18:00,FULFILLED
PU50369,P-1184,2025-03-01,07:00,15:00,MISSED
PU50370,P-1033,2025-03-29,11:00,13:00,CANCELLED
PU50371,P-1185,2026-01-18,07:00,18:00,MISSED
PU50372,P-1084,2025-06-08,11:00,18:00,FULFILLED
PU50373,P-1199,2025-07-14,11:00,15:00,FULFILLED
PU50374,P-1008,2025-02-12,07:00,18:00,CANCELLED
PU50375,P-1218,2026-02-19,09:00,17:00,MISSED
PU50376,P-1177,2025-07-28,11:00,13:00,CANCELLED
PU50377,P-1020,2025-07-29,09:00,18:00,FULFILLED
PU50378,P-1036,2026-02-08,08:00,18:00,CANCELLED
PU50379,P-1179,2025-05-29,09:00,18:00,CANCELLED
PU50380,P-1055,2025-07-24,07:00,13:00,CANCELLED
PU50381,P-1235,2025-04-05,08:00,14:00,FULFILLED
PU50382,P-1079,2025-05-22,09:00,17:00,FULFILLED
PU50383,P-1134,2025-10-16,11:00,17:00,CANCELLED
PU50384,P-1142,2025-01-24,09:00,13:00,MISSED
PU50385,P-1181,2026-02-07,10:00,14:00,CANCELLED
PU50386,P-1173,2025-02-03,10:00,16:00,FULFILLED
PU50387,P-1083,2025-04-13,11:00,13:00,FULFILLED
PU50388,P-1079,2025-10-18,08:00,17:00,CANCELLED
PU50389,P-1052,2026-05-20,07:00,18:00,MISSED
PU50390,P-1040,2026-03-28,10:00,16:00,CANCELLED
PU50391,P-1010,2025-08-25,11:00,15:00,MISSED
PU50392,P-1012,2026-01-29,10:00,16:00,MISSED
PU50393,P-1227,2025-08-04,07:00,13:00,FULFILLED
PU50394,P-1142,2025-11-10,09:00,13:00,CANCELLED
PU50395,P-1030,2025-04-08,07:00,17:00,FULFILLED
PU50396,P-1084,2025-12-20,08:00,17:00,FULFILLED
PU50397,P-1184,2025-08-11,11:00,15:00,CANCELLED
PU50398,P-1021,2025-05-23,09:00,15:00,CANCELLED
PU50399,P-1145,2026-05-10,10:00,13:00,MISSED
PU50400,P-1176,2025-09-24,11:00,15:00,MISSED
PU50401,P-1040,2025-11-16,09:00,14:00,CANCELLED
PU50402,P-1172,2025-12-31,08:00,15:00,FULFILLED
PU50403,P-1163,2026-01-28,09:00,18:00,FULFILLED
PU50404,P-1163,2025-09-17,10:00,18:00,MISSED
PU50405,P-1004,2025-11-09,10:00,16:00,MISSED
PU50406,P-1212,2026-05-12,07:00,17:00,CANCELLED
PU50407,P-1026,2025-11-23,08:00,15:00,FULFILLED
PU50408,P-1195,2025-12-29,09:00,15:00,MISSED
PU50409,P-1084,2026-05-27,11:00,18:00,FULFILLED
PU50410,P-1148,2025-01-08,10:00,15:00,MISSED
PU50411,P-1235,2025-03-15,07:00,14:00,CANCELLED
PU50412,P-1185,2025-10-14,08:00,16:00,CANCELLED
PU50413,P-1056,2025-11-13,10:00,16:00,FULFILLED
PU50414,P-1156,2025-05-31,09:00,14:00,CANCELLED
PU50415,P-1170,2025-07-06,11:00,17:00,MISSED
PU50416,P-1174,2026-04-24,08:00,15:00,FULFILLED
PU50417,P-1136,2025-08-27,08:00,14:00,FULFILLED
PU50418,P-1060,2025-01-24,10:00,17:00,FULFILLED
PU50419,P-1150,2026-05-07,09:00,13:00,FULFILLED
PU50420,P-1199,2025-11-17,09:00,18:00,CANCELLED
PU50421,P-1166,2025-10-02,08:00,16:00,MISSED
PU50422,P-1144,2025-06-04,09:00,15:00,CANCELLED
PU50423,P-1080,2025-08-18,08:00,14:00,CANCELLED
PU50424,P-1041,2025-01-02,09:00,17:00,FULFILLED
PU50425,P-1212,2025-03-16,07:00,15:00,FULFILLED
PU50426,P-1002,2025-04-19,08:00,13:00,CANCELLED
PU50427,P-1065,2026-02-12,07:00,17:00,FULFILLED
PU50428,P-1179,2025-06-12,08:00,17:00,MISSED
PU50429,P-1097,2025-09-01,10:00,15:00,MISSED
PU50430,P-1107,2026-01-21,10:00,16:00,MISSED
PU50431,P-1140,2025-04-16,08:00,15:00,CANCELLED
PU50432,P-1101,2026-01-20,09:00,14:00,FULFILLED
PU50433,P-1111,2026-05-31,10:00,16:00,MISSED
PU50434,P-1051,2025-02-14,08:00,13:00,CANCELLED
PU50435,P-1081,2025-09-14,10:00,18:00,MISSED
PU50436,P-1117,2026-03-03,07:00,18:00,CANCELLED
PU50437,P-1173,2026-03-29,08:00,17:00,FULFILLED
PU50438,P-1043,2025-04-02,09:00,13:00,CANCELLED
PU50439,P-1101,2025-12-24,09:00,16:00,CANCELLED
PU50440,P-1228,2025-08-17,07:00,16:00,CANCELLED
PU50441,P-1167,2026-05-21,09:00,18:00,FULFILLED
PU50442,P-1107,2025-02-06,08:00,15:00,CANCELLED
PU50443,P-1149,2026-01-13,10:00,17:00,CANCELLED
PU50444,P-1030,2026-03-10,11:00,15:00,CANCELLED
PU50445,P-1150,2025-03-01,09:00,17:00,FULFILLED
PU50446,P-1072,2025-05-30,07:00,16:00,FULFILLED
PU50447,P-1215,2026-03-12,11:00,18:00,FULFILLED
PU50448,P-1138,2026-01-02,07:00,15:00,MISSED
PU50449,P-1135,2025-08-12,09:00,14:00,CANCELLED
PU50450,P-1198,2025-08-29,09:00,15:00,CANCELLED
PU50451,P-1209,2025-02-27,07:00,13:00,MISSED
PU50452,P-1186,2025-07-09,09:00,15:00,CANCELLED
PU50453,P-1074,2025-01-23,10:00,14:00,CANCELLED
PU50454,P-1137,2025-09-28,08:00,17:00,MISSED
PU50455,P-1049,2025-06-08,10:00,17:00,CANCELLED
PU50456,P-1112,2025-05-31,08:00,18:00,CANCELLED
PU50457,P-1135,2025-02-06,11:00,15:00,FULFILLED
PU50458,P-1047,2026-01-15,09:00,17:00,MISSED
PU50459,P-1150,2025-09-04,10:00,16:00,CANCELLED
PU50460,P-1213,2025-09-21,09:00,18:00,MISSED
PU50461,P-1214,2025-12-11,07:00,14:00,CANCELLED
PU50462,P-1227,2025-12-19,07:00,14:00,FULFILLED
PU50463,P-1100,2025-03-01,09:00,15:00,MISSED
PU50464,P-1135,2025-07-19,10:00,16:00,CANCELLED
PU50465,P-1217,2026-02-15,09:00,16:00,FULFILLED
PU50466,P-1120,2026-03-29,09:00,13:00,FULFILLED
PU50467,P-1135,2025-07-30,08:00,14:00,CANCELLED
PU50468,P-1147,2026-03-08,08:00,14:00,FULFILLED
PU50469,P-1134,2025-10-01,11:00,16:00,FULFILLED
PU50470,P-1123,2025-09-13,09:00,13:00,CANCELLED
PU50471,P-1227,2025-11-19,11:00,15:00,FULFILLED
PU50472,P-1144,2026-03-06,07:00,15:00,MISSED
PU50473,P-1176,2025-08-19,11:00,16:00,FULFILLED
PU50474,P-1121,2026-02-01,07:00,14:00,MISSED
PU50475,P-1041,2026-01-23,10:00,17:00,FULFILLED
PU50476,P-1184,2026-05-14,08:00,13:00,CANCELLED
PU50477,P-1014,2025-09-28,11:00,14:00,MISSED
PU50478,P-1055,2025-08-19,11:00,17:00,FULFILLED
PU50479,P-1030,2025-08-21,07:00,18:00,MISSED
PU50480,P-1150,2025-03-14,07:00,14:00,MISSED
PU50481,P-1137,2025-07-26,10:00,13:00,MISSED
PU50482,P-1131,2025-11-06,11:00,14:00,MISSED
PU50483,P-1010,2025-05-05,10:00,13:00,MISSED
PU50484,P-1199,2025-10-19,10:00,14:00,FULFILLED
PU50485,P-1178,2025-04-08,08:00,16:00,CANCELLED
PU50486,P-1021,2025-04-29,10:00,17:00,FULFILLED
PU50487,P-1082,2025-03-31,07:00,18:00,MISSED
PU50488,P-1053,2026-02-19,11:00,14:00,MISSED
PU50489,P-1157,2025-03-18,10:00,13:00,CANCELLED
PU50490,P-1224,2026-01-08,10:00,14:00,MISSED
PU50491,P-1227,2025-12-01,07:00,13:00,MISSED
PU50492,P-1163,2025-11-08,10:00,16:00,MISSED
PU50493,P-1047,2025-09-21,09:00,16:00,MISSED
PU50494,P-1090,2025-07-30,08:00,14:00,FULFILLED
PU50495,P-1184,2025-04-09,09:00,17:00,FULFILLED
PU50496,P-1058,2026-01-04,08:00,18:00,MISSED
PU50497,P-1182,2025-06-05,07:00,17:00,MISSED
PU50498,P-1049,2026-04-01,08:00,14:00,FULFILLED
PU50499,P-1068,2025-11-29,11:00,13:00,CANCELLED
PU50500,P-1176,2025-11-02,10:00,18:00,MISSED
PU50501,P-1130,2025-04-05,10:00,18:00,CANCELLED
PU50502,P-1026,2025-09-18,07:00,13:00,CANCELLED
PU50503,P-1098,2025-08-18,11:00,16:00,FULFILLED
PU50504,P-1180,2026-04-12,08:00,15:00,FULFILLED
PU50505,P-1205,2025-11-02,10:00,18:00,FULFILLED
PU50506,P-1077,2025-07-03,11:00,15:00,FULFILLED
PU50507,P-1016,2025-03-17,07:00,14:00,MISSED
PU50508,P-1090,2026-04-29,08:00,15:00,CANCELLED
PU50509,P-1040,2025-03-20,10:00,15:00,MISSED
PU50510,P-1223,2026-05-14,08:00,17:00,MISSED
PU50511,P-1192,2026-01-06,08:00,18:00,MISSED
PU50512,P-1132,2025-08-10,07:00,14:00,FULFILLED
PU50513,P-1135,2025-04-09,09:00,16:00,FULFILLED
PU50514,P-1050,2025-10-31,08:00,13:00,FULFILLED
PU50515,P-1133,2025-02-07,11:00,14:00,CANCELLED
PU50516,P-1163,2025-07-23,08:00,18:00,MISSED
PU50517,P-1001,2026-04-01,11:00,16:00,FULFILLED
PU50518,P-1221,2025-10-20,08:00,14:00,CANCELLED
PU50519,P-1003,2025-07-14,11:00,18:00,MISSED
PU50520,P-1121,2025-01-15,11:00,13:00,MISSED
PU50521,P-1206,2025-05-15,11:00,17:00,FULFILLED
PU50522,P-1227,2025-10-27,11:00,18:00,FULFILLED
PU50523,P-1128,2026-02-15,09:00,16:00,CANCELLED
PU50524,P-1218,2026-02-13,10:00,17:00,CANCELLED
PU50525,P-1033,2025-10-13,09:00,15:00,MISSED
PU50526,P-1223,2026-02-14,07:00,17:00,CANCELLED
PU50527,P-1237,2026-04-02,07:00,14:00,CANCELLED
PU50528,P-1183,2025-11-10,10:00,14:00,MISSED
PU50529,P-1057,2025-12-23,10:00,15:00,FULFILLED
PU50530,P-1008,2026-03-17,09:00,14:00,FULFILLED
PU50531,P-1192,2025-05-11,07:00,14:00,MISSED
PU50532,P-1024,2025-05-06,07:00,18:00,FULFILLED
PU50533,P-1027,2025-03-29,07:00,13:00,CANCELLED
PU50534,P-1088,2025-05-29,11:00,14:00,CANCELLED
PU50535,P-1061,2026-04-03,09:00,15:00,MISSED
PU50536,P-1053,2025-07-20,07:00,16:00,FULFILLED
PU50537,P-1062,2025-02-21,07:00,15:00,MISSED
PU50538,P-1138,2026-05-30,11:00,14:00,CANCELLED
PU50539,P-1189,2026-03-05,09:00,16:00,CANCELLED
PU50540,P-1236,2025-05-09,09:00,17:00,CANCELLED
PU50541,P-1046,2025-04-22,09:00,16:00,FULFILLED
PU50542,P-1006,2025-09-02,09:00,17:00,FULFILLED
PU50543,P-1037,2025-01-10,07:00,18:00,CANCELLED
PU50544,P-1123,2025-02-18,08:00,14:00,CANCELLED
PU50545,P-1206,2025-05-03,08:00,13:00,FULFILLED
PU50546,P-1023,2025-03-14,09:00,16:00,CANCELLED
PU50547,P-1073,2025-04-30,09:00,13:00,MISSED
PU50548,P-1127,2026-05-29,08:00,16:00,FULFILLED
PU50549,P-1060,2026-02-24,09:00,14:00,CANCELLED
PU50550,P-1003,2025-11-23,09:00,18:00,MISSED
PU50551,P-1063,2025-10-29,07:00,15:00,CANCELLED
PU50552,P-1206,2026-05-20,10:00,16:00,CANCELLED
PU50553,P-1179,2026-02-11,09:00,16:00,MISSED
PU50554,P-1228,2025-11-21,07:00,17:00,MISSED
PU50555,P-1192,2025-11-09,08:00,17:00,MISSED
PU50556,P-1178,2025-10-12,08:00,14:00,MISSED
PU50557,P-1059,2026-05-13,09:00,13:00,FULFILLED
PU50558,P-1229,2025-10-30,09:00,15:00,CANCELLED
PU50559,P-1068,2025-03-28,10:00,18:00,FULFILLED
PU50560,P-1066,2025-04-08,08:00,14:00,FULFILLED
PU50561,P-1146,2025-11-30,10:00,16:00,CANCELLED
PU50562,P-1090,2025-07-09,09:00,16:00,FULFILLED
PU50563,P-1137,2025-07-30,07:00,13:00,MISSED
PU50564,P-1208,2025-10-18,09:00,16:00,FULFILLED
PU50565,P-1237,2026-05-31,11:00,16:00,FULFILLED
PU50566,P-1084,2026-04-27,07:00,15:00,FULFILLED
PU50567,P-1222,2025-12-24,08:00,13:00,CANCELLED
PU50568,P-1035,2025-05-01,10:00,14:00,FULFILLED
PU50569,P-1192,2025-11-18,07:00,15:00,CANCELLED
PU50570,P-1116,2025-05-24,10:00,14:00,FULFILLED
PU50571,P-1046,2025-06-01,09:00,17:00,MISSED
PU50572,P-1211,2026-02-18,10:00,16:00,FULFILLED
PU50573,P-1132,2025-05-13,09:00,16:00,MISSED
PU50574,P-1211,2025-10-08,07:00,16:00,CANCELLED
PU50575,P-1007,2025-02-07,11:00,13:00,FULFILLED
PU50576,P-1220,2025-11-11,11:00,16:00,CANCELLED
PU50577,P-1051,2025-05-16,11:00,18:00,FULFILLED
PU50578,P-1218,2025-02-25,10:00,15:00,MISSED
PU50579,P-1119,2025-03-12,09:00,18:00,MISSED
PU50580,P-1239,2026-02-11,07:00,15:00,CANCELLED
PU50581,P-1109,2025-06-02,11:00,13:00,FULFILLED
PU50582,P-1170,2025-10-11,11:00,15:00,CANCELLED
PU50583,P-1081,2025-07-29,10:00,17:00,FULFILLED
PU50584,P-1024,2026-04-14,10:00,15:00,MISSED
PU50585,P-1225,2025-07-13,08:00,18:00,CANCELLED
PU50586,P-1010,2025-07-30,10:00,18:00,CANCELLED
PU50587,P-1028,2025-01-03,10:00,14:00,CANCELLED
PU50588,P-1082,2026-05-15,10:00,16:00,FULFILLED
PU50589,P-1028,2025-05-08,11:00,14:00,CANCELLED
PU50590,P-1232,2025-03-27,09:00,18:00,FULFILLED
PU50591,P-1022,2025-08-27,08:00,13:00,FULFILLED
PU50592,P-1110,2025-07-02,10:00,13:00,CANCELLED
PU50593,P-1231,2025-12-13,11:00,18:00,FULFILLED
PU50594,P-1107,2025-05-06,07:00,17:00,CANCELLED
PU50595,P-1062,2025-10-12,11:00,17:00,CANCELLED
PU50596,P-1230,2025-03-31,08:00,16:00,CANCELLED
PU50597,P-1028,2026-05-18,10:00,14:00,FULFILLED
PU50598,P-1059,2025-10-26,10:00,18:00,MISSED
PU50599,P-1079,2025-08-15,08:00,15:00,CANCELLED
PU50600,P-1219,2025-11-09,09:00,17:00,MISSED
PU50601,P-1224,2025-07-21,07:00,16:00,FULFILLED
PU50602,P-1223,2025-08-15,09:00,16:00,CANCELLED
PU50603,P-1162,2026-03-27,11:00,18:00,FULFILLED
PU50604,P-1137,2026-05-07,09:00,18:00,FULFILLED
PU50605,P-1218,2026-05-12,09:00,16:00,MISSED
PU50606,P-1190,2025-08-11,07:00,14:00,MISSED
PU50607,P-1110,2025-05-13,09:00,18:00,CANCELLED
PU50608,P-1015,2025-06-07,08:00,15:00,MISSED
PU50609,P-1210,2025-03-10,07:00,14:00,CANCELLED
PU50610,P-1071,2026-01-29,11:00,18:00,CANCELLED
PU50611,P-1162,2025-06-23,09:00,15:00,MISSED
PU50612,P-1177,2026-03-02,10:00,18:00,FULFILLED
PU50613,P-1221,2025-03-29,11:00,16:00,CANCELLED
PU50614,P-1079,2025-01-12,10:00,15:00,FULFILLED
PU50615,P-1228,2025-08-13,10:00,15:00,MISSED
PU50616,P-1013,2026-03-16,07:00,14:00,MISSED
PU50617,P-1017,2026-03-20,11:00,14:00,CANCELLED
PU50618,P-1208,2025-06-01,08:00,18:00,CANCELLED
PU50619,P-1175,2026-02-14,09:00,16:00,FULFILLED
PU50620,P-1149,2026-02-20,11:00,15:00,FULFILLED
PU50621,P-1150,2025-06-22,11:00,14:00,MISSED
PU50622,P-1234,2025-03-12,09:00,14:00,CANCELLED
PU50623,P-1116,2025-09-12,09:00,17:00,FULFILLED
PU50624,P-1056,2025-03-07,10:00,15:00,FULFILLED
PU50625,P-1147,2026-04-16,10:00,17:00,FULFILLED
PU50626,P-1178,2026-01-27,09:00,17:00,FULFILLED
PU50627,P-1234,2026-02-06,08:00,18:00,MISSED
PU50628,P-1013,2025-02-08,08:00,14:00,FULFILLED
PU50629,P-1194,2025-02-12,11:00,15:00,MISSED
PU50630,P-1035,2025-02-24,10:00,15:00,MISSED
PU50631,P-1048,2026-03-20,07:00,13:00,MISSED
PU50632,P-1184,2025-02-05,10:00,15:00,CANCELLED
PU50633,P-1055,2025-06-21,08:00,17:00,CANCELLED
PU50634,P-1106,2025-01-08,10:00,15:00,MISSED
PU50635,P-1194,2025-11-16,09:00,14:00,FULFILLED
PU50636,P-1065,2025-07-07,09:00,13:00,CANCELLED
PU50637,P-1198,2025-03-29,08:00,13:00,FULFILLED
PU50638,P-1217,2025-08-08,11:00,16:00,CANCELLED
PU50639,P-1121,2026-05-30,11:00,14:00,FULFILLED
PU50640,P-1127,2025-05-18,10:00,13:00,MISSED
