Id,inv_no,Date,Amount,method
PMT60001,INV-50002,2025-08-02,477.03,DD
PMT60002,INV-50003,2025-11-20,1215.07,BACS
PMT60003,INV-50004,2025-04-03,207.82,CHEQUE
PMT60004,INV-50006,2026-02-07,1269.19,DD
PMT60005,INV-50007,2026-04-11,162.47,DD
PMT60006,INV-50009,2025-12-14,1130.25,CHEQUE
PMT60007,INV-50010,2025-10-09,152.80,CHEQUE
PMT60008,INV-50011,2025-07-30,467.33,CHEQUE
PMT60009,INV-50015,2025-10-19,741.37,DD
PMT60010,INV-50018,2025-02-09,1429.07,BACS
PMT60011,INV-50021,2025-07-28,1373.66,CHEQUE
PMT60012,INV-50023,2025-01-31,1047.58,CARD
PMT60013,INV-50024,2026-01-02,653.61,CARD
PMT60014,INV-50027,2026-04-04,685.50,BACS
PMT60015,INV-50029,2025-03-20,436.11,DD
PMT60016,INV-50033,2025-07-17,1157.58,DD
PMT60017,INV-50034,2025-04-03,580.92,CARD
PMT60018,INV-50035,2026-03-13,709.12,CARD
PMT60019,INV-50036,2025-05-07,151.74,DD
PMT60020,INV-50037,2026-02-18,1318.64,DD
PMT60021,INV-50039,2026-03-08,293.42,DD
PMT60022,INV-50040,2026-02-25,838.21,DD
PMT60023,INV-50041,2025-04-01,756.04,CARD
PMT60024,INV-50042,2026-05-28,269.49,DD
PMT60025,INV-50043,2025-12-25,1307.84,CARD
PMT60026,INV-50044,2025-08-03,88.70,CARD
PMT60027,INV-50046,2025-04-17,1280.07,BACS
PMT60028,INV-50047,2025-07-08,1249.63,DD
PMT60029,INV-50048,2026-03-22,944.49,CARD
PMT60030,INV-50050,2025-10-26,693.13,CARD
PMT60031,INV-50052,2026-05-04,965.11,CHEQUE
PMT60032,INV-50053,2026-01-19,444.49,BACS
PMT60033,INV-50056,2025-09-01,1162.90,CARD
PMT60034,INV-50059,2025-08-29,262.81,CHEQUE
PMT60035,INV-50060,2026-04-18,1123.67,BACS
PMT60036,INV-50062,2026-03-09,425.05,CHEQUE
PMT60037,INV-50063,2025-06-21,1277.24,CHEQUE
PMT60038,INV-50064,2026-04-22,1129.83,BACS
PMT60039,INV-50066,2025-11-30,1083.77,DD
PMT60040,INV-50068,2025-03-04,251.34,BACS
PMT60041,INV-50069,2025-01-12,898.96,CARD
PMT60042,INV-50070,2025-10-23,611.21,DD
PMT60043,INV-50072,2025-08-31,1352.15,CHEQUE
PMT60044,INV-50073,2026-03-11,350.16,BACS
PMT60045,INV-50074,2025-03-18,1475.25,CARD
PMT60046,INV-50076,2025-09-19,575.23,CHEQUE
PMT60047,INV-50078,2025-06-30,133.43,BACS
PMT60048,INV-50079,2026-01-31,1186.70,BACS
PMT60049,INV-50080,2025-12-10,865.81,DD
PMT60050,INV-50082,2025-05-09,1364.30,CARD
PMT60051,INV-50084,2025-12-09,70.66,BACS
PMT60052,INV-50085,2025-12-30,1124.80,CHEQUE
PMT60053,INV-50086,2025-02-22,161.80,CARD
PMT60054,INV-50087,2025-05-15,1128.19,CHEQUE
PMT60055,INV-50089,2026-02-15,47.37,CHEQUE
PMT60056,INV-50090,2025-06-13,909.60,CARD
PMT60057,INV-50091,2025-03-06,326.58,DD
PMT60058,INV-50092,2025-11-01,1161.85,BACS
PMT60059,INV-50093,2025-04-08,589.56,CARD
PMT60060,INV-50095,2025-09-04,683.59,CHEQUE
PMT60061,INV-50096,2026-01-08,922.37,BACS
PMT60062,INV-50098,2026-05-02,814.70,BACS
PMT60063,INV-50099,2025-09-27,493.79,CARD
PMT60064,INV-50102,2025-11-23,1399.29,CARD
PMT60065,INV-50103,2025-05-13,996.37,BACS
PMT60066,INV-50104,2025-03-03,1453.37,CARD
PMT60067,INV-50105,2025-09-03,644.62,CHEQUE
PMT60068,INV-50106,2025-06-20,743.44,BACS
PMT60069,INV-50108,2026-04-15,1422.09,BACS
PMT60070,INV-50109,2025-08-07,928.30,BACS
PMT60071,INV-50110,2025-11-17,225.35,CARD
PMT60072,INV-50111,2025-10-01,1012.10,BACS
PMT60073,INV-50113,2025-02-28,642.93,CARD
PMT60074,INV-50115,2025-07-16,1176.20,DD
PMT60075,INV-50116,2026-04-16,1400.68,CHEQUE
PMT60076,INV-50117,2025-02-27,443.23,CHEQUE
PMT60077,INV-50118,2026-05-14,1279.32,BACS
PMT60078,INV-50119,2025-07-08,265.34,CARD
PMT60079,INV-50120,2025-05-14,844.79,CHEQUE
PMT60080,INV-50121,2026-01-14,510.22,DD
PMT60081,INV-50122,2025-05-18,162.64,DD
PMT60082,INV-50124,2025-04-15,1223.52,DD
PMT60083,INV-50125,2025-07-21,944.44,CARD
PMT60084,INV-50126,2025-05-29,616.54,CARD
PMT60085,INV-50127,2025-09-07,1010.06,CARD
PMT60086,INV-50129,2025-05-08,170.58,DD
PMT60087,INV-50131,2026-01-08,125.52,CHEQUE
PMT60088,INV-50135,2025-12-05,1311.80,CARD
PMT60089,INV-50136,2026-01-02,1198.68,BACS
PMT60090,INV-50138,2025-04-17,1167.78,CARD
PMT60091,INV-50140,2025-01-07,45.69,CARD
PMT60092,INV-50141,2025-09-12,305.94,CHEQUE
PMT60093,INV-50143,2025-08-20,839.63,CARD
PMT60094,INV-50144,2025-03-22,1363.88,CHEQUE
PMT60095,INV-50145,2025-07-31,1159.88,DD
PMT60096,INV-50146,2026-05-07,919.87,CARD
PMT60097,INV-50147,2025-12-29,701.74,DD
PMT60098,INV-50148,2025-09-26,596.16,BACS
PMT60099,INV-50149,2025-09-17,347.47,BACS
PMT60100,INV-50150,2025-11-04,887.13,CHEQUE
PMT60101,INV-50151,2025-04-12,543.12,DD
PMT60102,INV-50152,2025-05-01,517.24,CARD
PMT60103,INV-50153,2025-11-05,666.46,BACS
PMT60104,INV-50154,2025-06-11,1484.25,CHEQUE
PMT60105,INV-50155,2025-06-28,283.19,BACS
PMT60106,INV-50156,2025-02-04,922.97,CHEQUE
PMT60107,INV-50159,2025-04-01,1323.41,DD
PMT60108,INV-50160,2025-12-15,986.40,CHEQUE
PMT60109,INV-50163,2025-10-18,1143.89,BACS
PMT60110,INV-50164,2025-11-09,75.43,BACS
PMT60111,INV-50167,2025-08-23,1341.10,CHEQUE
PMT60112,INV-50168,2025-06-27,472.31,CHEQUE
PMT60113,INV-50170,2025-11-07,757.66,BACS
PMT60114,INV-50171,2025-08-02,167.63,CARD
PMT60115,INV-50172,2025-12-07,997.18,DD
PMT60116,INV-50174,2026-02-24,446.07,CARD
PMT60117,INV-50176,2025-08-19,1139.25,BACS
PMT60118,INV-50177,2026-03-05,1176.32,CARD
PMT60119,INV-50178,2026-03-07,80.33,BACS
PMT60120,INV-50179,2026-03-12,1433.89,CARD
PMT60121,INV-50180,2026-02-02,961.82,CARD
PMT60122,INV-50182,2026-04-05,902.60,BACS
PMT60123,INV-50184,2026-05-11,291.17,BACS
PMT60124,INV-50185,2025-06-14,827.17,CHEQUE
PMT60125,INV-50187,2025-07-26,581.46,CARD
PMT60126,INV-50188,2026-01-12,633.81,CHEQUE
PMT60127,INV-50189,2026-01-10,352.18,CHEQUE
PMT60128,INV-50190,2026-01-10,88.48,CHEQUE
PMT60129,INV-50191,2025-04-05,554.89,BACS
PMT60130,INV-50192,2025-04-01,1165.56,DD
PMT60131,INV-50194,2025-04-30,966.09,CARD
PMT60132,INV-50195,2025-08-16,524.99,CARD
PMT60133,INV-50197,2025-09-16,755.16,DD
PMT60134,INV-50198,2025-08-28,126.31,CARD
PMT60135,INV-50199,2025-08-01,1342.50,DD
PMT60136,INV-50200,2026-01-01,1119.82,DD
PMT60137,INV-50201,2025-05-15,1376.27,CARD
PMT60138,INV-50204,2026-01-07,561.95,DD
PMT60139,INV-50207,2025-03-05,446.68,DD
PMT60140,INV-50208,2025-03-08,173.62,CHEQUE
PMT60141,INV-50210,2025-11-30,1433.68,CHEQUE
PMT60142,INV-50211,2026-02-21,92.11,BACS
PMT60143,INV-50213,2025-06-23,740.57,DD
PMT60144,INV-50214,2025-01-18,72.20,CARD
PMT60145,INV-50218,2025-11-01,836.02,CARD
PMT60146,INV-50219,2025-01-24,370.46,DD
PMT60147,INV-50222,2026-01-18,306.36,BACS
PMT60148,INV-50223,2025-03-08,573.60,CHEQUE
PMT60149,INV-50225,2026-03-06,431.24,CARD
PMT60150,INV-50226,2025-11-07,586.97,DD
PMT60151,INV-50227,2025-12-13,841.97,CHEQUE
PMT60152,INV-50228,2025-03-21,147.31,DD
PMT60153,INV-50230,2025-07-25,807.07,CARD
PMT60154,INV-50231,2025-05-25,615.22,CARD
PMT60155,INV-50234,2025-06-25,682.89,DD
PMT60156,INV-50236,2025-07-17,578.79,DD
PMT60157,INV-50237,2025-07-20,990.33,BACS
PMT60158,INV-50239,2025-09-02,104.90,DD
PMT60159,INV-50240,2025-08-25,1342.37,CARD
PMT60160,INV-50241,2025-06-15,47.62,DD
PMT60161,INV-50242,2026-03-25,1182.66,CHEQUE
PMT60162,INV-50245,2025-03-03,1049.54,CHEQUE
PMT60163,INV-50246,2026-03-26,618.58,BACS
PMT60164,INV-50247,2025-04-14,1147.67,BACS
PMT60165,INV-50249,2025-01-18,134.61,CARD
PMT60166,INV-50250,2025-08-28,456.67,CHEQUE
PMT60167,INV-50255,2025-01-11,213.35,DD
PMT60168,INV-50256,2025-10-29,32.31,BACS
PMT60169,INV-50257,2026-01-22,203.25,CHEQUE
PMT60170,INV-50259,2025-12-24,512.12,BACS
PMT60171,INV-50260,2025-11-10,370.66,CARD
PMT60172,INV-50262,2025-12-18,779.39,BACS
PMT60173,INV-50263,2025-04-27,1200.41,DD
PMT60174,INV-50266,2026-05-31,308.52,CARD
PMT60175,INV-50267,2025-07-05,1309.98,CHEQUE
PMT60176,INV-50268,2025-09-16,657.98,CARD
PMT60177,INV-50269,2025-01-07,621.52,BACS
PMT60178,INV-50270,2025-03-06,466.29,CARD
PMT60179,INV-50271,2025-04-05,1271.24,DD
PMT60180,INV-50273,2025-04-13,35.20,CHEQUE
PMT60181,INV-50274,2025-09-09,828.74,DD
PMT60182,INV-50275,2025-06-17,432.34,CHEQUE
PMT60183,INV-50277,2025-03-03,876.35,BACS
PMT60184,INV-50278,2025-09-09,992.17,BACS
PMT60185,INV-50279,2025-05-07,220.86,BACS
PMT60186,INV-50280,2025-07-28,642.27,CARD
PMT60187,INV-50281,2025-01-27,51.18,CARD
PMT60188,INV-50282,2026-03-28,744.19,CARD
PMT60189,INV-50283,2026-01-06,93.28,CHEQUE
PMT60190,INV-50284,2026-05-22,1487.71,DD
PMT60191,INV-50285,2025-03-21,1051.06,CHEQUE
PMT60192,INV-50286,2025-03-06,957.91,DD
PMT60193,INV-50287,2025-09-13,1120.11,BACS
PMT60194,INV-50288,2025-12-02,706.06,BACS
PMT60195,INV-50289,2025-06-07,730.40,DD
PMT60196,INV-50290,2026-02-12,1333.76,CHEQUE
PMT60197,INV-50292,2025-05-09,41.79,BACS
PMT60198,INV-50293,2026-02-13,1206.85,DD
PMT60199,INV-50295,2025-12-02,1002.21,DD
PMT60200,INV-50297,2025-04-17,783.62,BACS
PMT60201,INV-50299,2025-04-25,800.84,CHEQUE
PMT60202,INV-50301,2025-10-09,206.68,CARD
PMT60203,INV-50302,2026-04-02,231.41,CHEQUE
PMT60204,INV-50303,2025-03-04,822.76,DD
PMT60205,INV-50304,2026-04-02,1182.13,CARD
PMT60206,INV-50308,2025-04-11,217.44,BACS
PMT60207,INV-50309,2025-03-13,1003.10,CARD
PMT60208,INV-50313,2025-02-13,1337.48,BACS
PMT60209,INV-50314,2026-02-05,533.63,CARD
PMT60210,INV-50315,2026-02-19,944.13,DD
PMT60211,INV-50316,2025-03-25,639.33,CHEQUE
PMT60212,INV-50317,2026-04-09,585.29,CHEQUE
PMT60213,INV-50318,2026-05-22,1475.98,CARD
PMT60214,INV-50319,2025-12-02,1427.99,DD
PMT60215,INV-50320,2025-03-24,1414.41,CHEQUE
PMT60216,INV-50321,2025-09-02,384.73,BACS
PMT60217,INV-50322,2026-05-17,159.97,CHEQUE
PMT60218,INV-50323,2026-04-29,665.96,BACS
PMT60219,INV-50324,2025-11-11,769.09,BACS
PMT60220,INV-50325,2025-09-04,250.38,DD
PMT60221,INV-50326,2025-10-16,46.64,CHEQUE
PMT60222,INV-50327,2026-02-25,71.58,CHEQUE
PMT60223,INV-50328,2025-09-07,804.75,CARD
PMT60224,INV-50329,2025-12-08,175.80,CARD
PMT60225,INV-50332,2025-09-09,282.40,CHEQUE
PMT60226,INV-50333,2025-04-13,1114.99,BACS
PMT60227,INV-50335,2026-04-18,449.41,CHEQUE
PMT60228,INV-50338,2025-07-30,704.96,BACS
PMT60229,INV-50339,2025-02-10,1230.28,CARD
PMT60230,INV-50342,2025-08-21,1378.19,BACS
PMT60231,INV-50343,2025-09-13,313.52,CHEQUE
PMT60232,INV-50345,2025-03-25,278.97,CARD
PMT60233,INV-50347,2026-02-10,1488.53,BACS
PMT60234,INV-50348,2025-12-03,536.46,BACS
PMT60235,INV-50349,2026-01-18,387.65,CARD
PMT60236,INV-50350,2025-06-25,301.33,CARD
PMT60237,INV-50351,2025-05-05,1060.99,BACS
PMT60238,INV-50353,2025-05-30,771.94,BACS
PMT60239,INV-50354,2026-05-10,855.08,DD
PMT60240,INV-50355,2026-01-09,233.93,CHEQUE
PMT60241,INV-50356,2025-12-26,1089.37,CARD
PMT60242,INV-50357,2025-06-23,1132.40,BACS
PMT60243,INV-50359,2026-03-27,520.36,DD
PMT60244,INV-50360,2026-02-19,553.89,BACS
PMT60245,INV-50361,2025-11-19,555.22,CARD
PMT60246,INV-50362,2026-01-02,385.52,CARD
PMT60247,INV-50363,2025-12-30,1415.87,DD
PMT60248,INV-50364,2025-07-30,161.05,CARD
PMT60249,INV-50366,2025-04-10,1357.06,CHEQUE
PMT60250,INV-50367,2026-03-19,132.21,BACS
PMT60251,INV-50368,2025-01-20,128.54,CARD
PMT60252,INV-50369,2026-05-15,1051.79,DD
PMT60253,INV-50372,2025-12-14,1200.82,DD
PMT60254,INV-50373,2025-08-17,1287.42,CHEQUE
PMT60255,INV-50374,2026-04-18,747.15,DD
PMT60256,INV-50375,2026-03-11,384.48,CARD
PMT60257,INV-50376,2026-03-17,1271.86,CARD
PMT60258,INV-50377,2026-05-15,1055.31,CARD
PMT60259,INV-50378,2025-06-07,366.95,CARD
PMT60260,INV-50379,2025-04-15,564.62,DD
PMT60261,INV-50380,2025-01-10,1235.50,BACS
PMT60262,INV-50381,2025-06-03,23.24,BACS
PMT60263,INV-50382,2025-08-30,550.89,DD
PMT60264,INV-50383,2026-04-09,209.18,BACS
PMT60265,INV-50386,2026-04-16,568.40,CHEQUE
PMT60266,INV-50387,2025-11-01,1499.84,CHEQUE
PMT60267,INV-50388,2025-01-30,71.34,CARD
PMT60268,INV-50389,2026-02-21,1079.78,DD
PMT60269,INV-50392,2025-09-07,878.39,CHEQUE
PMT60270,INV-50393,2026-05-10,1147.86,CHEQUE
PMT60271,INV-50394,2026-04-25,1441.54,CHEQUE
PMT60272,INV-50396,2025-05-10,216.45,CARD
PMT60273,INV-50398,2026-05-12,730.25,CHEQUE
PMT60274,INV-50399,2025-12-16,482.67,CHEQUE
PMT60275,INV-50402,2025-09-21,1027.25,CHEQUE
PMT60276,INV-50405,2026-05-08,921.34,CHEQUE
PMT60277,INV-50406,2025-11-02,1466.77,CHEQUE
PMT60278,INV-50407,2026-05-06,1036.93,CARD
PMT60279,INV-50411,2025-06-07,34.07,CHEQUE
PMT60280,INV-50412,2026-04-17,565.88,BACS
PMT60281,INV-50413,2025-11-13,831.61,DD
PMT60282,INV-50414,2026-01-21,502.67,BACS
PMT60283,INV-50415,2025-02-15,1261.16,DD
PMT60284,INV-50418,2025-09-30,1486.39,CARD
PMT60285,INV-50422,2025-12-22,1123.40,DD
PMT60286,INV-50425,2025-12-16,34.46,CHEQUE
PMT60287,INV-50426,2026-01-19,618.59,CARD
PMT60288,INV-50428,2025-05-28,232.41,CARD
PMT60289,INV-50429,2025-07-01,80.20,CHEQUE
PMT60290,INV-50430,2026-02-12,479.35,CARD
PMT60291,INV-50431,2025-08-04,1178.78,DD
PMT60292,INV-50433,2025-10-05,148.26,CARD
PMT60293,INV-50436,2025-10-08,994.61,DD
PMT60294,INV-50437,2025-11-29,724.07,CHEQUE
PMT60295,INV-50438,2026-01-09,1189.27,DD
PMT60296,INV-50439,2026-03-18,652.75,CHEQUE
PMT60297,INV-50440,2025-09-17,939.48,CHEQUE
PMT60298,INV-50444,2025-06-05,1122.28,DD
PMT60299,INV-50445,2026-05-08,384.10,CARD
PMT60300,INV-50446,2025-03-23,1446.79,CARD
PMT60301,INV-50447,2025-01-13,452.24,DD
PMT60302,INV-50448,2025-07-13,446.25,BACS
PMT60303,INV-50449,2025-12-04,49.78,CARD
PMT60304,INV-50450,2025-03-09,549.98,BACS
PMT60305,INV-50452,2025-04-16,818.34,CHEQUE
PMT60306,INV-50453,2025-12-20,934.51,DD
PMT60307,INV-50455,2026-04-08,959.83,BACS
PMT60308,INV-50456,2026-02-11,88.34,BACS
PMT60309,INV-50457,2025-06-09,265.55,BACS
PMT60310,INV-50458,2025-08-31,363.44,DD
PMT60311,INV-50459,2026-04-12,284.77,DD
PMT60312,INV-50461,2026-02-27,1022.36,DD
PMT60313,INV-50463,2025-09-25,58.70,CARD
PMT60314,INV-50464,2026-02-13,886.05,CHEQUE
PMT60315,INV-50467,2025-07-22,822.48,DD
PMT60316,INV-50468,2026-03-17,446.39,DD
PMT60317,INV-50469,2025-12-01,1203.60,CHEQUE
PMT60318,INV-50470,2026-01-09,1253.96,CHEQUE
PMT60319,INV-50473,2025-01-08,328.01,DD
PMT60320,INV-50474,2026-04-02,1054.17,CARD
PMT60321,INV-50476,2025-10-11,1191.06,DD
PMT60322,INV-50479,2025-05-04,1238.79,CARD
PMT60323,INV-50480,2026-01-27,1393.89,CHEQUE
PMT60324,INV-50481,2026-05-22,1485.42,CHEQUE
PMT60325,INV-50482,2025-03-08,170.36,DD
PMT60326,INV-50484,2025-07-01,1139.02,BACS
PMT60327,INV-50485,2025-11-24,1229.34,CHEQUE
PMT60328,INV-50486,2025-03-14,83.80,CHEQUE
PMT60329,INV-50488,2025-11-21,181.41,CHEQUE
PMT60330,INV-50489,2025-06-21,933.61,CARD
PMT60331,INV-50491,2025-05-14,181.28,BACS
PMT60332,INV-50492,2026-01-09,1135.14,DD
PMT60333,INV-50493,2025-02-28,935.89,DD
PMT60334,INV-50495,2026-02-22,628.29,DD
PMT60335,INV-50499,2025-10-26,1276.64,CHEQUE
PMT60336,INV-50501,2025-06-01,1380.46,CHEQUE
PMT60337,INV-50502,2025-07-19,1448.88,DD
PMT60338,INV-50503,2025-12-14,1375.11,DD
PMT60339,INV-50505,2025-04-22,255.11,CARD
PMT60340,INV-50506,2026-02-25,1227.98,CHEQUE
PMT60341,INV-50507,2025-06-06,1291.46,BACS
PMT60342,INV-50508,2025-11-09,609.06,DD
PMT60343,INV-50509,2025-04-16,21.08,CHEQUE
PMT60344,INV-50510,2025-11-27,340.12,CHEQUE
PMT60345,INV-50511,2025-12-14,1072.90,CARD
PMT60346,INV-50512,2025-08-05,727.17,BACS
PMT60347,INV-50513,2025-11-04,1194.23,BACS
PMT60348,INV-50515,2026-05-09,86.00,DD
PMT60349,INV-50516,2025-01-23,894.21,CHEQUE
PMT60350,INV-50517,2026-04-15,751.38,BACS
PMT60351,INV-50518,2025-06-15,1213.55,CARD
PMT60352,INV-50520,2025-02-13,1426.08,BACS
PMT60353,INV-50522,2025-10-10,552.70,CHEQUE
PMT60354,INV-50528,2025-05-12,257.58,BACS
PMT60355,INV-50529,2025-11-18,432.74,CHEQUE
PMT60356,INV-50533,2025-12-24,429.49,DD
PMT60357,INV-50534,2026-01-19,1046.08,BACS
PMT60358,INV-50535,2025-03-10,680.92,BACS
PMT60359,INV-50536,2025-11-11,569.10,CHEQUE
PMT60360,INV-50537,2025-07-19,1403.38,DD
PMT60361,INV-50538,2026-04-19,619.65,BACS
PMT60362,INV-50539,2025-12-25,898.05,BACS
PMT60363,INV-50543,2025-10-31,585.75,BACS
PMT60364,INV-50545,2026-03-19,858.71,DD
PMT60365,INV-50546,2025-11-30,666.23,CARD
PMT60366,INV-50547,2025-02-21,1041.81,CHEQUE
PMT60367,INV-50549,2025-06-26,1159.10,CARD
PMT60368,INV-50550,2025-11-02,798.19,CARD
PMT60369,INV-50552,2025-02-13,1368.29,CARD
PMT60370,INV-50554,2026-05-08,1398.03,CHEQUE
PMT60371,INV-50555,2026-01-18,1478.33,DD
PMT60372,INV-50556,2026-03-14,39.31,BACS
PMT60373,INV-50557,2025-03-28,916.34,CHEQUE
PMT60374,INV-50558,2025-08-04,820.87,CARD
PMT60375,INV-50561,2025-12-07,1203.20,BACS
PMT60376,INV-50563,2025-12-22,553.69,CHEQUE
PMT60377,INV-50565,2025-01-09,1187.25,DD
PMT60378,INV-50566,2026-03-06,1124.71,CHEQUE
PMT60379,INV-50568,2025-05-01,488.67,CHEQUE
PMT60380,INV-50570,2026-04-25,689.42,CHEQUE
PMT60381,INV-50571,2025-09-21,1086.82,BACS
PMT60382,INV-50572,2025-08-12,474.95,CARD
PMT60383,INV-50574,2025-03-27,1216.15,BACS
PMT60384,INV-50575,2025-03-18,1225.40,DD
PMT60385,INV-50576,2025-10-25,1199.13,BACS
PMT60386,INV-50578,2026-03-29,363.52,CARD
PMT60387,INV-50580,2026-03-03,99.10,DD
PMT60388,INV-50581,2025-07-16,743.96,CHEQUE
PMT60389,INV-50583,2025-10-09,642.64,BACS
PMT60390,INV-50584,2026-02-15,1344.69,DD
PMT60391,INV-50587,2025-03-08,345.60,DD
PMT60392,INV-50589,2025-09-10,693.61,BACS
PMT60393,INV-50590,2026-03-08,296.35,BACS
PMT60394,INV-50592,2025-06-08,178.96,BACS
PMT60395,INV-50594,2025-05-12,1002.41,DD
PMT60396,INV-50595,2025-11-30,1138.66,CARD
PMT60397,INV-50596,2025-04-02,591.63,CARD
PMT60398,INV-50599,2025-03-18,44.53,DD
PMT60399,INV-50600,2026-05-29,816.97,CARD
PMT60400,INV-50601,2026-05-28,939.64,CARD
PMT60401,INV-50604,2026-05-05,694.68,CHEQUE
PMT60402,INV-50605,2025-11-29,827.99,BACS
PMT60403,INV-50607,2025-05-03,499.06,CARD
PMT60404,INV-50608,2026-05-24,1459.31,CARD
PMT60405,INV-50610,2025-08-14,1392.08,DD
PMT60406,INV-50612,2025-10-06,772.20,CARD
PMT60407,INV-50614,2025-03-06,1409.64,DD
PMT60408,INV-50615,2025-09-08,349.30,CARD
PMT60409,INV-50616,2026-05-19,1247.37,BACS
PMT60410,INV-50617,2025-12-05,1059.86,DD
PMT60411,INV-50618,2025-05-18,356.01,DD
PMT60412,INV-50619,2026-03-24,1353.57,CHEQUE
PMT60413,INV-50621,2025-10-11,668.89,CARD
PMT60414,INV-50622,2025-11-03,254.18,CARD
PMT60415,INV-50627,2025-04-15,133.47,DD
PMT60416,INV-50629,2025-09-14,945.19,BACS
PMT60417,INV-50632,2025-11-22,1144.38,CARD
PMT60418,INV-50633,2026-05-19,1022.16,BACS
PMT60419,INV-50634,2025-02-15,1090.06,CHEQUE
PMT60420,INV-50635,2025-01-27,51.96,BACS
PMT60421,INV-50636,2025-02-01,1209.17,DD
PMT60422,INV-50638,2026-04-28,655.00,DD
PMT60423,INV-50639,2025-08-21,1072.37,BACS
PMT60424,INV-50640,2025-05-12,1461.02,CHEQUE
PMT60425,INV-50642,2026-04-24,463.04,CARD
PMT60426,INV-50644,2025-02-26,868.30,CHEQUE
PMT60427,INV-50645,2025-09-01,944.02,CARD
PMT60428,INV-50646,2026-04-08,899.83,CHEQUE
PMT60429,INV-50648,2025-11-23,448.80,CARD
PMT60430,INV-50651,2025-06-07,681.55,CARD
PMT60431,INV-50653,2026-04-21,1254.64,CARD
PMT60432,INV-50655,2025-10-21,1258.29,DD
PMT60433,INV-50656,2025-07-03,999.92,DD
PMT60434,INV-50657,2025-10-04,1111.15,DD
PMT60435,INV-50658,2025-06-05,325.96,BACS
PMT60436,INV-50659,2025-11-16,383.37,DD
PMT60437,INV-50660,2026-04-08,1195.57,BACS
PMT60438,INV-50661,2025-08-12,1140.93,CARD
PMT60439,INV-50663,2026-01-12,931.26,BACS
PMT60440,INV-50664,2025-03-03,364.24,BACS
PMT60441,INV-50665,2025-11-03,1068.91,CARD
PMT60442,INV-50667,2026-01-24,929.48,DD
PMT60443,INV-50668,2025-07-06,1063.95,CHEQUE
PMT60444,INV-50669,2025-01-02,555.07,CARD
PMT60445,INV-50670,2025-04-19,468.83,BACS
PMT60446,INV-50671,2025-11-18,254.94,CHEQUE
PMT60447,INV-50672,2025-04-01,1107.12,DD
PMT60448,INV-50673,2025-10-04,496.89,CHEQUE
PMT60449,INV-50676,2025-08-03,115.64,BACS
PMT60450,INV-50677,2025-03-31,1447.03,CARD
PMT60451,INV-50679,2025-09-15,616.08,CARD
PMT60452,INV-50680,2025-09-25,1417.07,BACS
PMT60453,INV-50681,2026-05-18,1249.03,CHEQUE
PMT60454,INV-50683,2026-01-28,936.60,DD
PMT60455,INV-50684,2025-05-12,127.67,CHEQUE
PMT60456,INV-50685,2025-10-23,424.55,DD
PMT60457,INV-50687,2025-05-09,647.36,BACS
PMT60458,INV-50691,2026-04-24,1268.43,BACS
PMT60459,INV-50692,2025-12-27,1446.52,CARD
PMT60460,INV-50694,2025-09-22,380.45,BACS
PMT60461,INV-50695,2025-06-21,1314.88,BACS
PMT60462,INV-50696,2025-07-07,1436.23,CHEQUE
PMT60463,INV-50698,2026-05-10,387.56,DD
PMT60464,INV-50699,2025-05-25,1213.09,DD
PMT60465,INV-50700,2025-08-04,898.68,DD
PMT60466,INV-50701,2025-02-24,1270.03,BACS
PMT60467,INV-50702,2025-01-30,583.90,DD
PMT60468,INV-50703,2025-09-02,1162.46,BACS
PMT60469,INV-50704,2025-06-03,421.28,CARD
PMT60470,INV-50706,2026-03-21,305.49,DD
PMT60471,INV-50707,2025-07-02,531.59,DD
PMT60472,INV-50709,2025-03-31,525.42,DD
PMT60473,INV-50710,2025-09-24,1279.05,CHEQUE
PMT60474,INV-50711,2025-07-06,1400.96,CARD
PMT60475,INV-50712,2025-09-13,540.47,BACS
PMT60476,INV-50713,2025-12-03,1054.71,DD
PMT60477,INV-50714,2025-05-09,509.52,BACS
PMT60478,INV-50715,2025-01-13,1270.94,DD
PMT60479,INV-50716,2025-01-07,1052.44,CHEQUE
PMT60480,INV-50717,2025-05-13,1065.85,CARD
PMT60481,INV-50718,2026-03-17,1289.60,BACS
PMT60482,INV-50720,2026-04-13,924.94,CHEQUE
PMT60483,INV-50721,2025-01-27,763.63,BACS
PMT60484,INV-50722,2025-05-06,595.84,CHEQUE
PMT60485,INV-50723,2026-05-12,212.41,CHEQUE
PMT60486,INV-50724,2026-05-13,631.74,CARD
PMT60487,INV-50725,2025-08-27,858.44,CHEQUE
PMT60488,INV-50727,2025-09-16,1445.20,DD
PMT60489,INV-50728,2026-03-17,1418.06,CARD
PMT60490,INV-50729,2026-05-13,379.14,DD
PMT60491,INV-50731,2025-07-19,581.83,BACS
PMT60492,INV-50732,2025-12-20,1293.21,DD
PMT60493,INV-50734,2025-02-13,435.44,CARD
PMT60494,INV-50735,2025-02-09,891.37,CARD
PMT60495,INV-50738,2025-11-21,1355.32,DD
PMT60496,INV-50739,2025-12-13,923.65,BACS
PMT60497,INV-50740,2025-07-31,810.40,CHEQUE
PMT60498,INV-50743,2026-02-01,101.45,BACS
PMT60499,INV-50744,2026-03-27,1294.68,DD
PMT60500,INV-50745,2025-11-03,567.95,CHEQUE
PMT60501,INV-50746,2026-04-07,1301.55,CARD
PMT60502,INV-50747,2025-11-27,1270.49,DD
PMT60503,INV-50748,2026-05-11,297.42,DD
PMT60504,INV-50749,2025-03-09,1192.11,CHEQUE
PMT60505,INV-50751,2026-03-31,334.48,CHEQUE
PMT60506,INV-50752,2025-11-23,1243.90,DD
PMT60507,INV-50753,2025-09-09,117.35,BACS
PMT60508,INV-50754,2025-02-24,920.89,DD
PMT60509,INV-50755,2025-12-12,490.05,CHEQUE
PMT60510,INV-50756,2025-09-17,113.62,CARD
PMT60511,INV-50757,2025-12-22,559.81,CARD
PMT60512,INV-50758,2025-06-08,1139.31,CHEQUE
PMT60513,INV-50759,2025-03-05,755.31,CHEQUE
PMT60514,INV-50760,2025-01-22,123.81,CHEQUE
PMT60515,INV-50762,2025-05-24,753.54,CHEQUE
PMT60516,INV-50763,2026-03-04,603.56,CHEQUE
PMT60517,INV-50764,2025-04-30,1398.99,CHEQUE
PMT60518,INV-50765,2025-07-08,1460.25,DD
PMT60519,INV-50768,2025-05-02,623.36,BACS
PMT60520,INV-50769,2025-11-18,1358.25,BACS
PMT60521,INV-50770,2026-02-22,1234.18,CARD
PMT60522,INV-50771,2025-05-20,1224.30,DD
PMT60523,INV-50772,2026-03-08,1137.94,BACS
PMT60524,INV-50773,2025-11-25,963.80,BACS
PMT60525,INV-50775,2025-08-16,83.58,BACS
PMT60526,INV-50777,2026-04-09,1034.17,BACS
PMT60527,INV-50778,2025-07-21,461.44,CARD
PMT60528,INV-50780,2025-05-04,1429.31,DD
PMT60529,INV-50781,2025-11-06,734.95,BACS
PMT60530,INV-50782,2025-04-25,834.96,CHEQUE
PMT60531,INV-50783,2025-02-24,951.34,DD
PMT60532,INV-50785,2026-01-30,173.00,DD
PMT60533,INV-50786,2025-09-18,105.69,CARD
PMT60534,INV-50790,2026-05-11,536.85,CARD
PMT60535,INV-50791,2025-08-21,187.18,CHEQUE
PMT60536,INV-50794,2025-12-20,945.89,BACS
PMT60537,INV-50795,2025-09-03,1113.85,CHEQUE
PMT60538,INV-50796,2026-01-06,79.85,DD
PMT60539,INV-50797,2025-07-23,46.29,BACS
PMT60540,INV-50801,2025-01-12,255.29,DD
PMT60541,INV-50802,2025-03-22,1145.32,CHEQUE
PMT60542,INV-50803,2025-04-07,1474.86,CARD
PMT60543,INV-50804,2025-11-17,97.26,BACS
PMT60544,INV-50805,2025-03-06,1043.47,DD
PMT60545,INV-50806,2026-01-18,831.10,DD
PMT60546,INV-50807,2025-12-03,1491.24,DD
PMT60547,INV-50808,2025-09-26,899.43,CHEQUE
PMT60548,INV-50810,2025-02-11,446.88,DD
PMT60549,INV-50811,2025-12-21,829.56,BACS
PMT60550,INV-50815,2025-01-18,1378.92,CHEQUE
PMT60551,INV-50817,2025-05-11,945.71,CHEQUE
PMT60552,INV-50818,2025-08-22,1285.12,CHEQUE
PMT60553,INV-50819,2025-01-26,979.34,DD
PMT60554,INV-50820,2026-04-22,569.50,DD
PMT60555,INV-50821,2025-09-24,364.39,BACS
PMT60556,INV-50822,2026-02-04,1325.91,CARD
PMT60557,INV-50823,2025-06-28,206.36,BACS
PMT60558,INV-50824,2025-04-30,1284.06,CARD
PMT60559,INV-50826,2026-03-06,1068.53,CARD
PMT60560,INV-50827,2025-08-10,931.23,CARD
PMT60561,INV-50828,2026-02-26,1448.10,BACS
PMT60562,INV-50830,2025-01-11,540.23,DD
PMT60563,INV-50832,2026-01-25,1373.90,BACS
PMT60564,INV-50833,2025-03-28,787.65,CHEQUE
PMT60565,INV-50834,2025-01-26,1166.10,CHEQUE
PMT60566,INV-50846,2025-06-07,594.83,CHEQUE
PMT60567,INV-50849,2026-05-12,683.57,BACS
PMT60568,INV-50850,2026-03-22,304.02,BACS
PMT60569,INV-50851,2025-05-28,518.17,DD
PMT60570,INV-50852,2025-08-10,203.81,DD
PMT60571,INV-50853,2025-03-17,897.96,CARD
PMT60572,INV-50854,2025-08-03,1055.03,DD
PMT60573,INV-50855,2026-01-04,372.93,CHEQUE
PMT60574,INV-50856,2025-04-13,414.26,BACS
PMT60575,INV-50857,2025-06-26,304.94,CARD
PMT60576,INV-50860,2025-05-16,606.10,CHEQUE
PMT60577,INV-50861,2025-07-13,389.73,BACS
PMT60578,INV-50862,2026-04-01,698.76,CARD
PMT60579,INV-50866,2026-03-17,1373.74,CHEQUE
PMT60580,INV-50867,2026-02-11,730.84,CARD
PMT60581,INV-50868,2025-09-06,1193.10,DD
PMT60582,INV-50869,2025-04-22,208.34,BACS
PMT60583,INV-50870,2026-04-13,551.56,CHEQUE
PMT60584,INV-50872,2025-09-14,989.67,DD
PMT60585,INV-50874,2025-08-26,861.20,CARD
PMT60586,INV-50875,2025-10-18,1120.85,BACS
PMT60587,INV-50876,2025-03-18,1298.47,BACS
PMT60588,INV-50878,2025-07-25,307.12,CHEQUE
PMT60589,INV-50879,2025-01-31,351.11,DD
PMT60590,INV-50880,2025-01-15,39.67,BACS
PMT60591,INV-50882,2025-03-21,354.27,DD
PMT60592,INV-50885,2025-04-07,300.19,DD
PMT60593,INV-50886,2025-01-10,1238.53,CARD
PMT60594,INV-50887,2025-09-29,806.49,CARD
PMT60595,INV-50889,2025-07-26,259.01,DD
PMT60596,INV-50891,2026-04-18,151.54,BACS
PMT60597,INV-50893,2026-04-16,572.07,CARD
PMT60598,INV-50894,2025-04-25,844.73,CHEQUE
PMT60599,INV-50895,2025-06-29,87.44,CHEQUE
PMT60600,INV-50896,2026-05-28,846.70,DD
PMT60601,INV-50897,2025-06-16,1460.15,BACS
PMT60602,INV-50898,2025-03-31,897.35,DD
PMT60603,INV-50899,2025-01-07,1259.20,BACS
PMT60604,INV-50902,2025-02-06,88.26,DD
PMT60605,INV-50904,2025-08-18,58.14,CARD
PMT60606,INV-50905,2026-02-17,1184.55,DD
PMT60607,INV-50906,2025-07-11,458.09,BACS
PMT60608,INV-50907,2025-10-19,849.00,CARD
PMT60609,INV-50908,2026-04-09,362.37,CHEQUE
PMT60610,INV-50911,2025-07-22,829.32,CHEQUE
PMT60611,INV-50912,2025-05-06,257.86,BACS
PMT60612,INV-50913,2025-12-31,498.56,DD
PMT60613,INV-50914,2025-02-20,843.12,CHEQUE
PMT60614,INV-50915,2026-01-21,469.14,DD
PMT60615,INV-50917,2025-01-06,894.78,DD
PMT60616,INV-50919,2026-03-17,438.10,CHEQUE
PMT60617,INV-50920,2025-07-28,611.29,DD
PMT60618,INV-50921,2025-12-30,128.02,CARD
PMT60619,INV-50922,2026-05-19,726.65,CARD
PMT60620,INV-50923,2025-12-21,1331.88,CARD
PMT60621,INV-50924,2026-01-28,835.13,DD
PMT60622,INV-50925,2025-08-31,361.00,BACS
PMT60623,INV-50926,2025-03-31,1245.11,DD
PMT60624,INV-50927,2026-05-31,991.07,CHEQUE
PMT60625,INV-50928,2025-07-29,1438.46,DD
PMT60626,INV-50929,2025-09-24,361.58,CHEQUE
PMT60627,INV-50930,2025-08-12,31.84,DD
PMT60628,INV-50932,2025-08-16,940.05,BACS
PMT60629,INV-50935,2025-08-04,1381.28,BACS
PMT60630,INV-50938,2025-02-02,961.88,BACS
PMT60631,INV-50939,2026-01-19,467.02,BACS
PMT60632,INV-50940,2025-09-07,1070.28,DD
PMT60633,INV-50941,2025-04-04,304.94,BACS
PMT60634,INV-50942,2025-05-01,475.95,CHEQUE
PMT60635,INV-50943,2025-09-30,1265.23,CARD
PMT60636,INV-50945,2025-01-16,1260.86,CARD
PMT60637,INV-50946,2025-04-18,681.52,DD
PMT60638,INV-50947,2025-04-09,337.78,BACS
PMT60639,INV-50948,2025-05-26,448.91,CARD
PMT60640,INV-50951,2025-07-27,208.58,CHEQUE
PMT60641,INV-50952,2025-02-25,461.50,CARD
PMT60642,INV-50953,2026-05-02,41.29,BACS
PMT60643,INV-50955,2026-02-24,925.01,BACS
PMT60644,INV-50957,2025-02-06,946.68,CARD
PMT60645,INV-50958,2025-05-16,1465.08,DD
PMT60646,INV-50961,2025-11-07,658.05,BACS
PMT60647,INV-50962,2025-05-05,256.06,CHEQUE
PMT60648,INV-50963,2025-12-29,859.88,CARD
PMT60649,INV-50964,2026-03-15,166.45,DD
PMT60650,INV-50965,2026-04-21,1236.93,BACS
PMT60651,INV-50966,2025-12-25,259.82,BACS
PMT60652,INV-50968,2025-01-31,402.76,CARD
PMT60653,INV-50970,2025-11-10,713.89,CHEQUE
PMT60654,INV-50972,2025-09-17,226.84,CARD
PMT60655,INV-50973,2026-01-17,1438.93,CHEQUE
PMT60656,INV-50975,2026-05-31,1289.30,DD
PMT60657,INV-50976,2025-01-27,1256.75,DD
PMT60658,INV-50978,2025-08-06,429.39,CARD
PMT60659,INV-50979,2025-12-24,1363.07,DD
PMT60660,INV-50980,2025-11-05,1175.92,DD
PMT60661,INV-50981,2025-01-08,305.83,BACS
PMT60662,INV-50982,2025-01-14,1143.37,CHEQUE
PMT60663,INV-50983,2025-08-22,727.06,BACS
PMT60664,INV-50985,2025-07-04,1498.00,CHEQUE
PMT60665,INV-50987,2026-01-20,631.37,CHEQUE
PMT60666,INV-50989,2025-07-17,836.75,CHEQUE
PMT60667,INV-50993,2025-03-12,274.58,CHEQUE
PMT60668,INV-50994,2026-03-02,1241.17,CARD
PMT60669,INV-50995,2025-12-09,784.04,CHEQUE
PMT60670,INV-50996,2026-04-26,1049.76,CHEQUE
PMT60671,INV-50997,2025-09-06,249.38,CHEQUE
PMT60672,INV-50998,2026-04-27,729.92,DD
PMT60673,INV-51000,2025-08-25,1227.26,BACS
PMT60674,INV-51001,2025-03-30,735.15,DD
PMT60675,INV-51002,2025-07-09,232.53,DD
PMT60676,INV-51004,2026-01-28,1469.67,DD
PMT60677,INV-51005,2025-08-02,1431.53,DD
PMT60678,INV-51006,2025-06-17,1114.66,BACS
PMT60679,INV-51007,2025-11-17,760.55,CARD
PMT60680,INV-51008,2025-08-08,430.35,DD
PMT60681,INV-51009,2026-02-19,153.31,BACS
PMT60682,INV-51010,2025-11-22,471.02,DD
PMT60683,INV-51011,2025-11-15,1023.52,DD
PMT60684,INV-51013,2025-01-17,1262.96,DD
PMT60685,INV-51014,2025-01-01,221.70,DD
PMT60686,INV-51016,2025-01-01,710.12,CHEQUE
PMT60687,INV-51017,2025-12-11,1455.44,BACS
PMT60688,INV-51018,2025-02-12,383.13,CHEQUE
PMT60689,INV-51019,2026-02-06,220.62,CHEQUE
PMT60690,INV-51022,2025-05-30,45.64,CARD
PMT60691,INV-51023,2025-03-12,1136.15,DD
PMT60692,INV-51026,2025-06-04,1353.90,CHEQUE
PMT60693,INV-51027,2026-01-24,959.71,CARD
PMT60694,INV-51028,2026-01-05,1227.17,DD
PMT60695,INV-51030,2025-03-31,1228.89,DD
PMT60696,INV-51031,2025-09-07,1298.31,BACS
PMT60697,INV-51034,2025-06-30,824.87,DD
PMT60698,INV-51035,2026-02-03,480.86,CHEQUE
PMT60699,INV-51036,2025-01-16,789.16,DD
PMT60700,INV-51037,2025-02-14,1105.51,CARD
PMT60701,INV-51038,2026-03-17,998.74,CHEQUE
PMT60702,INV-51040,2025-09-09,118.93,CARD
PMT60703,INV-51041,2025-03-21,705.10,BACS
PMT60704,INV-51043,2026-05-18,1373.29,CHEQUE
PMT60705,INV-51044,2025-07-21,933.52,DD
PMT60706,INV-51045,2026-01-03,421.05,CHEQUE
PMT60707,INV-51046,2025-01-29,611.88,CHEQUE
PMT60708,INV-51047,2025-04-29,1174.66,DD
PMT60709,INV-51048,2025-07-30,1183.17,DD
PMT60710,INV-51050,2025-12-26,240.86,DD
PMT60711,INV-51055,2026-01-31,1387.52,CARD
PMT60712,INV-51056,2026-05-24,926.14,CHEQUE
PMT60713,INV-51057,2025-01-05,122.77,DD
PMT60714,INV-51058,2025-11-22,584.97,DD
PMT60715,INV-51059,2025-01-31,264.65,CARD
PMT60716,INV-51062,2025-01-03,504.07,BACS
PMT60717,INV-51063,2025-08-31,843.29,BACS
PMT60718,INV-51065,2025-12-20,681.78,CARD
PMT60719,INV-51066,2025-01-17,588.93,CHEQUE
PMT60720,INV-51067,2026-04-03,116.89,CARD
PMT60721,INV-51068,2025-07-27,960.95,DD
PMT60722,INV-51069,2025-03-23,394.28,CARD
PMT60723,INV-51070,2025-06-29,394.72,DD
PMT60724,INV-51073,2025-01-30,133.11,CHEQUE
PMT60725,INV-51074,2025-06-06,80.98,DD
PMT60726,INV-51075,2025-11-16,551.41,CARD
PMT60727,INV-51077,2025-10-25,958.64,CARD
PMT60728,INV-51078,2025-07-31,828.46,DD
PMT60729,INV-51079,2026-04-02,353.72,BACS
PMT60730,INV-51080,2025-04-11,1452.18,CARD
PMT60731,INV-51083,2025-08-12,533.49,CHEQUE
PMT60732,INV-51084,2025-04-08,93.21,BACS
PMT60733,INV-51087,2025-11-15,167.83,BACS
PMT60734,INV-51088,2025-04-26,1389.79,CHEQUE
PMT60735,INV-51089,2026-03-11,211.08,CHEQUE
PMT60736,INV-51091,2026-03-22,152.26,BACS
PMT60737,INV-51092,2025-03-17,934.10,DD
PMT60738,INV-51093,2026-03-27,1251.33,DD
PMT60739,INV-51094,2026-03-21,1107.04,CHEQUE
PMT60740,INV-51095,2026-02-08,587.77,DD
PMT60741,INV-51096,2025-06-30,437.02,CHEQUE
PMT60742,INV-51099,2025-10-17,152.45,DD
PMT60743,INV-51100,2026-01-10,1304.68,CARD
PMT60744,INV-51101,2026-05-05,547.37,DD
PMT60745,INV-51102,2026-03-26,230.68,DD
PMT60746,INV-51106,2025-08-10,989.36,CARD
PMT60747,INV-51107,2026-05-05,638.47,DD
PMT60748,INV-51108,2025-11-27,724.85,CARD
PMT60749,INV-51109,2026-03-04,1486.92,CHEQUE
PMT60750,INV-51110,2025-12-31,59.14,CHEQUE
PMT60751,INV-51111,2025-02-16,1282.33,DD
PMT60752,INV-51113,2025-08-29,254.59,CARD
PMT60753,INV-51114,2026-01-25,934.35,DD
PMT60754,INV-51115,2025-01-07,1231.63,CHEQUE
PMT60755,INV-51116,2025-10-05,1415.20,DD
PMT60756,INV-51118,2026-02-23,292.47,DD
PMT60757,INV-51119,2025-07-31,826.05,CARD
PMT60758,INV-51120,2025-03-20,1245.50,BACS
PMT60759,INV-51122,2025-01-24,1477.75,CARD
PMT60760,INV-51123,2026-02-13,1469.45,CHEQUE
PMT60761,INV-51124,2025-10-14,537.13,CHEQUE
PMT60762,INV-51125,2026-04-25,794.96,BACS
PMT60763,INV-51129,2026-04-01,525.88,DD
PMT60764,INV-51131,2025-07-01,367.06,CARD
PMT60765,INV-51132,2026-01-25,447.12,DD
PMT60766,INV-51133,2025-05-02,800.14,BACS
PMT60767,INV-51135,2025-03-20,463.44,CHEQUE
PMT60768,INV-51136,2025-04-12,1456.34,DD
PMT60769,INV-51138,2025-07-24,1081.17,CHEQUE
PMT60770,INV-51139,2026-04-01,896.55,DD
PMT60771,INV-51140,2026-03-28,995.65,CARD
PMT60772,INV-51141,2025-01-15,657.58,CHEQUE
PMT60773,INV-51142,2026-04-21,931.14,CARD
PMT60774,INV-51143,2025-03-04,813.96,BACS
PMT60775,INV-51147,2025-08-24,874.53,DD
PMT60776,INV-51149,2026-02-13,716.96,CARD
PMT60777,INV-51151,2025-04-17,151.14,CARD
PMT60778,INV-51152,2025-01-27,1467.17,BACS
PMT60779,INV-51153,2025-01-03,336.91,BACS
PMT60780,INV-51155,2026-05-07,871.03,CHEQUE
PMT60781,INV-51156,2025-08-15,653.56,BACS
PMT60782,INV-51157,2025-10-14,1026.36,CHEQUE
PMT60783,INV-51160,2026-03-08,1306.64,DD
PMT60784,INV-51161,2026-03-19,330.97,CHEQUE
PMT60785,INV-51162,2026-01-19,477.13,CARD
PMT60786,INV-51163,2026-02-01,1157.77,CHEQUE
PMT60787,INV-51165,2026-03-23,403.79,CHEQUE
PMT60788,INV-51167,2025-08-20,940.20,CARD
PMT60789,INV-51169,2025-10-20,310.84,BACS
PMT60790,INV-51172,2025-09-21,1118.83,BACS
PMT60791,INV-51173,2026-02-10,1379.24,CARD
PMT60792,INV-51175,2026-04-13,1263.23,BACS
PMT60793,INV-51176,2025-01-01,187.92,DD
PMT60794,INV-51178,2026-04-18,495.49,DD
PMT60795,INV-51180,2026-04-22,326.91,CARD
PMT60796,INV-51181,2026-01-05,42.29,CARD
PMT60797,INV-51182,2026-01-31,494.59,CHEQUE
PMT60798,INV-51185,2026-01-14,936.75,CARD
PMT60799,INV-51186,2025-09-19,66.47,BACS
PMT60800,INV-51187,2025-04-01,281.33,DD
PMT60801,INV-51190,2026-04-10,1058.14,CARD
PMT60802,INV-51194,2026-02-18,173.70,CHEQUE
PMT60803,INV-51195,2025-02-01,1147.04,DD
PMT60804,INV-51196,2025-06-09,1051.07,CARD
PMT60805,INV-51197,2025-02-09,1294.78,BACS
PMT60806,INV-51199,2025-09-21,866.70,CHEQUE
PMT60807,INV-51201,2025-02-12,1172.96,CHEQUE
PMT60808,INV-51202,2025-04-17,1102.68,CARD
PMT60809,INV-51203,2025-04-08,119.24,BACS
PMT60810,INV-51205,2025-01-16,452.83,DD
PMT60811,INV-51206,2026-04-05,476.29,CARD
PMT60812,INV-51207,2025-10-21,1006.09,BACS
PMT60813,INV-51208,2025-07-06,564.92,BACS
PMT60814,INV-51209,2026-05-11,249.13,CARD
PMT60815,INV-51211,2026-01-23,589.39,DD
PMT60816,INV-51213,2026-05-19,291.34,BACS
PMT60817,INV-51214,2026-03-12,55.59,DD
PMT60818,INV-51215,2025-08-29,1453.52,CHEQUE
PMT60819,INV-51216,2025-02-17,1210.64,BACS
PMT60820,INV-51217,2025-02-07,1407.02,CHEQUE
PMT60821,INV-51218,2026-02-09,984.65,CARD
PMT60822,INV-51219,2025-04-19,604.32,CHEQUE
PMT60823,INV-51220,2025-03-17,734.72,DD
PMT60824,INV-51222,2025-12-02,215.02,CARD
PMT60825,INV-51224,2025-12-06,723.70,CHEQUE
PMT60826,INV-51225,2025-01-03,206.31,CARD
PMT60827,INV-51226,2025-01-06,348.40,CARD
PMT60828,INV-51227,2025-10-01,1424.84,DD
PMT60829,INV-51228,2025-02-02,1481.93,CHEQUE
PMT60830,INV-51229,2025-06-11,272.24,BACS
PMT60831,INV-51231,2026-02-22,1405.35,CARD
PMT60832,INV-51232,2025-08-05,1165.88,CARD
PMT60833,INV-51233,2025-09-03,315.64,BACS
PMT60834,INV-51235,2026-01-27,1394.73,CHEQUE
PMT60835,INV-51236,2025-03-23,1309.28,CHEQUE
PMT60836,INV-51239,2025-11-30,881.85,BACS
PMT60837,INV-51241,2025-05-15,935.73,CHEQUE
PMT60838,INV-51243,2025-10-19,1009.86,CHEQUE
PMT60839,INV-51247,2025-02-21,375.25,CHEQUE
PMT60840,INV-51248,2025-06-29,617.74,CARD
PMT60841,INV-51249,2025-03-22,662.75,DD
PMT60842,INV-51250,2025-06-29,497.58,BACS
PMT60843,INV-51251,2025-08-28,321.95,CARD
PMT60844,INV-51252,2025-09-23,648.66,DD
PMT60845,INV-51253,2026-05-01,1477.47,BACS
PMT60846,INV-51254,2025-01-29,1193.11,CHEQUE
PMT60847,INV-51255,2026-01-13,187.24,DD
PMT60848,INV-51256,2026-05-29,459.64,CHEQUE
PMT60849,INV-51257,2025-12-19,1034.52,CARD
PMT60850,INV-51258,2026-04-09,455.33,CHEQUE
PMT60851,INV-51262,2025-03-06,1206.21,BACS
PMT60852,INV-51263,2025-11-08,1286.93,CHEQUE
PMT60853,INV-51264,2026-02-24,1333.24,BACS
PMT60854,INV-51265,2025-01-29,1217.75,CARD
PMT60855,INV-51266,2025-09-06,918.69,BACS
PMT60856,INV-51268,2025-02-27,1222.61,DD
PMT60857,INV-51269,2026-04-18,603.45,BACS
PMT60858,INV-51271,2025-10-08,1288.65,CARD
PMT60859,INV-51272,2025-06-04,1192.90,BACS
PMT60860,INV-51274,2025-08-15,1305.95,CHEQUE
PMT60861,INV-51277,2025-03-23,256.83,DD
PMT60862,INV-51278,2025-09-13,128.41,CARD
PMT60863,INV-51279,2025-01-30,1490.91,CHEQUE
PMT60864,INV-51280,2025-04-24,1216.58,CHEQUE
PMT60865,INV-51282,2025-08-05,272.22,DD
PMT60866,INV-51283,2025-08-22,639.99,BACS
PMT60867,INV-51284,2026-03-07,565.83,CHEQUE
PMT60868,INV-51285,2025-04-24,456.73,DD
PMT60869,INV-51286,2025-07-13,1470.50,CHEQUE
PMT60870,INV-51287,2025-07-28,1484.19,DD
PMT60871,INV-51288,2025-05-03,942.14,DD
PMT60872,INV-51289,2025-12-30,659.53,BACS
PMT60873,INV-51290,2025-11-23,685.85,DD
PMT60874,INV-51292,2026-04-10,110.14,CARD
PMT60875,INV-51294,2026-04-30,1311.53,BACS
PMT60876,INV-51295,2025-10-19,1343.39,BACS
PMT60877,INV-51296,2025-10-02,938.69,DD
PMT60878,INV-51298,2026-03-17,1488.27,CARD
PMT60879,INV-51299,2026-02-06,1034.29,BACS
PMT60880,INV-51300,2026-02-17,462.06,DD
PMT60881,INV-51301,2025-04-09,1002.80,CHEQUE
PMT60882,INV-51302,2026-01-31,1349.64,CHEQUE
PMT60883,INV-51304,2026-03-12,1436.87,CARD
PMT60884,INV-51305,2025-09-09,1178.26,BACS
PMT60885,INV-51306,2025-02-27,338.22,BACS
PMT60886,INV-51308,2025-05-21,814.09,BACS
PMT60887,INV-51309,2026-04-20,168.11,CHEQUE
PMT60888,INV-51311,2026-03-04,57.58,CARD
PMT60889,INV-51312,2025-10-20,609.27,CHEQUE
PMT60890,INV-51314,2025-01-02,491.58,CHEQUE
PMT60891,INV-51315,2025-08-26,869.22,CARD
PMT60892,INV-51316,2025-07-05,775.71,DD
PMT60893,INV-51317,2025-11-14,361.62,CARD
PMT60894,INV-51318,2025-01-31,1466.17,BACS
PMT60895,INV-51319,2025-02-18,320.17,CARD
PMT60896,INV-51320,2025-10-27,1213.35,DD
PMT60897,INV-51321,2025-11-02,746.47,CARD
PMT60898,INV-51323,2025-06-22,1026.38,BACS
PMT60899,INV-51324,2025-08-20,836.73,CHEQUE
PMT60900,INV-51325,2025-03-23,449.20,CARD
PMT60901,INV-51326,2025-10-13,84.32,DD
PMT60902,INV-51327,2025-03-16,1274.95,CARD
PMT60903,INV-51328,2025-02-11,187.56,CARD
PMT60904,INV-51329,2025-08-26,1382.76,CARD
PMT60905,INV-51330,2025-11-13,1303.88,CHEQUE
PMT60906,INV-51332,2025-09-05,468.62,BACS
PMT60907,INV-51334,2025-03-07,26.91,CHEQUE
PMT60908,INV-51335,2025-02-14,673.54,DD
PMT60909,INV-51336,2025-08-10,321.20,DD
PMT60910,INV-51337,2025-11-28,1342.15,DD
PMT60911,INV-51338,2026-04-05,760.22,CARD
PMT60912,INV-51339,2025-02-22,139.18,CHEQUE
PMT60913,INV-51341,2025-02-20,794.18,CARD
PMT60914,INV-51342,2025-10-30,298.38,CHEQUE
PMT60915,INV-51344,2025-07-24,566.99,CARD
PMT60916,INV-51345,2026-04-12,872.39,BACS
PMT60917,INV-51346,2026-03-14,874.34,BACS
PMT60918,INV-51347,2025-09-19,1064.94,CHEQUE
PMT60919,INV-51348,2026-01-22,1389.90,CARD
PMT60920,INV-51349,2025-06-28,758.89,CARD
PMT60921,INV-51352,2025-10-29,92.60,CHEQUE
PMT60922,INV-51353,2025-03-06,637.08,CARD
PMT60923,INV-51354,2025-08-26,1151.78,CHEQUE
PMT60924,INV-51355,2025-09-22,67.92,CHEQUE
PMT60925,INV-51357,2025-04-05,813.46,BACS
PMT60926,INV-51358,2026-05-07,967.00,BACS
PMT60927,INV-51361,2026-05-15,560.63,CARD
PMT60928,INV-51363,2025-10-22,1305.20,DD
PMT60929,INV-51364,2025-02-04,1002.47,CARD
PMT60930,INV-51365,2025-02-02,124.03,BACS
PMT60931,INV-51368,2025-07-22,219.58,CHEQUE
PMT60932,INV-51369,2025-03-02,1006.22,BACS
PMT60933,INV-51370,2026-03-14,296.13,DD
PMT60934,INV-51371,2025-04-04,1190.59,CARD
PMT60935,INV-51372,2025-11-07,184.49,BACS
PMT60936,INV-51373,2026-05-13,1308.23,BACS
PMT60937,INV-51374,2025-01-25,1474.70,CARD
PMT60938,INV-51375,2025-06-05,295.09,CARD
PMT60939,INV-51376,2026-01-16,477.95,BACS
PMT60940,INV-51377,2025-11-26,1317.77,CHEQUE
PMT60941,INV-51378,2026-05-25,503.55,DD
PMT60942,INV-51379,2025-04-07,1424.12,DD
PMT60943,INV-51382,2025-06-12,469.10,CARD
PMT60944,INV-51385,2026-03-31,681.63,CARD
PMT60945,INV-51386,2025-09-13,926.92,DD
PMT60946,INV-51389,2026-02-26,642.52,CHEQUE
PMT60947,INV-51390,2025-11-25,308.76,DD
PMT60948,INV-51391,2025-07-18,26.60,CHEQUE
PMT60949,INV-51392,2026-02-06,1253.03,BACS
PMT60950,INV-51393,2026-02-10,31.57,CHEQUE
PMT60951,INV-51394,2026-04-04,871.42,BACS
PMT60952,INV-51396,2026-05-09,473.43,DD
PMT60953,INV-51398,2025-05-31,517.65,CHEQUE
PMT60954,INV-51399,2025-07-22,1140.25,DD
PMT60955,INV-51403,2025-10-24,752.90,CHEQUE
PMT60956,INV-51405,2025-12-22,581.14,CARD
PMT60957,INV-51406,2025-07-21,1449.14,CHEQUE
PMT60958,INV-51407,2025-12-24,429.26,CHEQUE
PMT60959,INV-51408,2025-11-21,906.60,BACS
PMT60960,INV-51410,2025-04-24,1172.26,CARD
PMT60961,INV-51411,2025-06-23,195.76,CARD
PMT60962,INV-51412,2026-01-08,895.45,DD
PMT60963,INV-51413,2026-05-03,1246.13,DD
PMT60964,INV-51414,2025-10-25,1437.15,BACS
PMT60965,INV-51415,2025-09-21,915.69,BACS
PMT60966,INV-51416,2025-01-28,665.22,CHEQUE
PMT60967,INV-51417,2025-02-23,1067.95,DD
PMT60968,INV-51418,2025-11-17,999.33,DD
PMT60969,INV-51419,2026-05-27,1364.80,BACS
PMT60970,INV-51420,2025-07-16,787.63,DD
PMT60971,INV-51421,2026-03-01,793.85,DD
PMT60972,INV-51422,2025-07-29,1374.84,DD
PMT60973,INV-51423,2026-04-30,788.51,DD
PMT60974,INV-51425,2025-06-24,1384.87,CHEQUE
PMT60975,INV-51426,2025-04-19,880.65,CARD
PMT60976,INV-51428,2025-09-17,471.86,BACS
PMT60977,INV-51429,2025-12-17,1375.20,CARD
PMT60978,INV-51430,2025-10-11,558.22,BACS
PMT60979,INV-51431,2026-04-07,1472.63,DD
PMT60980,INV-51432,2025-01-04,706.09,CHEQUE
PMT60981,INV-51433,2025-09-23,945.54,CHEQUE
PMT60982,INV-51437,2026-01-01,1448.17,CHEQUE
PMT60983,INV-51438,2025-07-05,1359.48,CARD
PMT60984,INV-51439,2025-07-21,703.08,DD
PMT60985,INV-51441,2025-09-29,416.24,CHEQUE
PMT60986,INV-51442,2026-03-28,102.20,CARD
PMT60987,INV-51445,2025-05-17,904.24,CARD
PMT60988,INV-51446,2025-04-03,1430.74,BACS
PMT60989,INV-51448,2026-05-05,1029.24,CHEQUE
PMT60990,INV-51450,2025-04-01,522.51,CARD
PMT60991,INV-51453,2025-08-13,281.24,CHEQUE
PMT60992,INV-51454,2025-01-05,383.09,BACS
PMT60993,INV-51456,2025-11-06,107.43,CARD
PMT60994,INV-51457,2026-04-04,1053.17,DD
PMT60995,INV-51458,2025-09-09,765.98,CARD
PMT60996,INV-51459,2025-10-21,132.34,DD
PMT60997,INV-51460,2026-03-11,20.59,CHEQUE
PMT60998,INV-51461,2026-03-04,260.69,CHEQUE
PMT60999,INV-51462,2026-05-03,855.80,CARD
PMT61000,INV-51463,2026-03-31,705.48,CARD
PMT61001,INV-51464,2025-11-19,1096.54,BACS
PMT61002,INV-51465,2025-05-25,448.05,BACS
PMT61003,INV-51467,2025-09-02,1375.91,CHEQUE
PMT61004,INV-51468,2025-06-10,398.33,CHEQUE
PMT61005,INV-51470,2025-03-07,1073.16,CHEQUE
PMT61006,INV-51472,2025-02-22,1113.44,CHEQUE
PMT61007,INV-51473,2026-05-04,678.69,CARD
PMT61008,INV-51474,2026-05-29,546.39,CHEQUE
PMT61009,INV-51475,2025-09-26,512.63,BACS
PMT61010,INV-51476,2025-10-16,1084.16,DD
PMT61011,INV-51478,2025-03-27,1467.70,DD
PMT61012,INV-51479,2026-01-06,262.43,CHEQUE
PMT61013,INV-51480,2026-02-11,588.65,CARD
PMT61014,INV-51483,2025-11-26,532.98,BACS
PMT61015,INV-51485,2026-03-15,500.81,CHEQUE
PMT61016,INV-51486,2025-03-06,922.82,DD
PMT61017,INV-51487,2025-02-08,803.06,CHEQUE
PMT61018,INV-51488,2025-12-20,767.12,CHEQUE
PMT61019,INV-51490,2025-10-14,1247.59,BACS
PMT61020,INV-51491,2026-02-06,592.42,DD
PMT61021,INV-51492,2025-09-03,1250.21,CHEQUE
PMT61022,INV-51494,2026-03-01,978.09,DD
PMT61023,INV-51496,2025-10-25,601.29,BACS
PMT61024,INV-51497,2025-03-18,669.70,BACS
PMT61025,INV-51498,2025-07-20,890.95,CHEQUE
PMT61026,INV-51499,2025-06-30,938.96,CARD
PMT61027,INV-51500,2025-12-17,623.21,CARD
PMT61028,INV-51501,2025-11-02,1412.24,CARD
PMT61029,INV-51502,2025-01-21,526.63,BACS
PMT61030,INV-51503,2025-09-03,578.11,DD
PMT61031,INV-51505,2025-02-02,27.22,DD
PMT61032,INV-51506,2025-04-30,843.99,CARD
PMT61033,INV-51507,2026-04-20,1005.74,BACS
PMT61034,INV-51508,2026-04-22,678.84,CHEQUE
PMT61035,INV-51509,2025-03-19,1499.92,BACS
PMT61036,INV-51510,2025-11-18,785.34,CARD
PMT61037,INV-51512,2025-10-30,1123.87,BACS
PMT61038,INV-51513,2025-09-23,1215.34,BACS
PMT61039,INV-51515,2025-04-08,439.47,DD
PMT61040,INV-51518,2025-11-02,415.74,CHEQUE
PMT61041,INV-51520,2025-04-20,1182.95,CHEQUE
PMT61042,INV-51523,2026-02-08,951.51,DD
PMT61043,INV-51524,2025-08-04,965.50,BACS
PMT61044,INV-51525,2025-06-20,563.77,CARD
PMT61045,INV-51527,2026-01-22,1117.58,DD
PMT61046,INV-51528,2025-08-24,1411.10,BACS
PMT61047,INV-51532,2025-01-25,992.50,CHEQUE
PMT61048,INV-51533,2026-03-12,1444.51,CARD
PMT61049,INV-51534,2025-07-31,96.91,CARD
PMT61050,INV-51535,2025-03-26,797.04,BACS
PMT61051,INV-51537,2025-07-14,897.44,BACS
PMT61052,INV-51539,2025-07-11,24.67,CHEQUE
PMT61053,INV-51541,2025-08-28,784.73,DD
PMT61054,INV-51542,2025-08-08,177.53,DD
PMT61055,INV-51544,2025-07-25,1341.61,BACS
PMT61056,INV-51547,2025-04-11,32.77,CARD
PMT61057,INV-51548,2025-08-16,196.62,DD
PMT61058,INV-51550,2026-03-06,603.05,DD
PMT61059,INV-51552,2025-04-16,100.28,DD
PMT61060,INV-51553,2026-04-15,1017.36,CHEQUE
PMT61061,INV-51555,2025-01-03,807.78,DD
PMT61062,INV-51557,2025-09-25,212.67,BACS
PMT61063,INV-51559,2025-06-14,1046.67,CARD
PMT61064,INV-51560,2025-11-05,741.69,BACS
PMT61065,INV-51565,2026-05-30,914.36,DD
PMT61066,INV-51566,2025-02-20,264.06,CHEQUE
PMT61067,INV-51567,2026-05-23,1335.88,CARD
PMT61068,INV-51570,2025-02-13,1406.52,DD
PMT61069,INV-51571,2026-05-29,329.35,DD
PMT61070,INV-51572,2025-07-02,1432.54,BACS
PMT61071,INV-51574,2025-11-02,1244.78,CARD
PMT61072,INV-51575,2025-10-05,320.93,BACS
PMT61073,INV-51580,2026-01-06,1343.46,CHEQUE
PMT61074,INV-51581,2025-09-15,1231.10,DD
PMT61075,INV-51582,2026-05-26,1270.85,CARD
PMT61076,INV-51583,2026-03-12,1474.30,DD
PMT61077,INV-51584,2025-03-24,177.81,DD
PMT61078,INV-51585,2025-08-02,1060.57,CHEQUE
PMT61079,INV-51586,2025-04-16,300.52,CHEQUE
PMT61080,INV-51587,2025-05-19,1461.15,CARD
PMT61081,INV-51588,2025-09-03,844.14,DD
PMT61082,INV-51589,2026-04-24,1369.25,BACS
PMT61083,INV-51590,2025-12-20,1097.14,BACS
PMT61084,INV-51592,2026-03-25,592.25,BACS
PMT61085,INV-51594,2025-01-04,705.73,BACS
PMT61086,INV-51595,2025-06-03,78.89,CHEQUE
PMT61087,INV-51596,2026-04-16,102.98,DD
PMT61088,INV-51597,2026-04-11,1064.66,CARD
PMT61089,INV-51598,2026-02-20,974.34,BACS
PMT61090,INV-51599,2025-01-15,937.68,CHEQUE
PMT61091,INV-51605,2025-03-28,946.96,BACS
PMT61092,INV-51607,2025-02-02,526.35,DD
PMT61093,INV-51609,2026-04-13,562.56,CHEQUE
PMT61094,INV-51610,2025-01-25,1460.56,BACS
PMT61095,INV-51611,2025-04-17,147.14,CHEQUE
PMT61096,INV-51612,2025-11-24,1037.49,BACS
PMT61097,INV-51614,2025-05-07,270.64,BACS
PMT61098,INV-51615,2025-02-02,71.58,CARD
PMT61099,INV-51616,2025-04-29,536.33,CHEQUE
PMT61100,INV-51617,2025-08-12,69.61,CHEQUE
PMT61101,INV-51621,2026-01-29,1356.61,CARD
PMT61102,INV-51622,2026-03-16,806.86,BACS
PMT61103,INV-51623,2025-08-20,718.06,DD
PMT61104,INV-51624,2026-05-02,297.02,CARD
PMT61105,INV-51625,2025-12-17,111.16,BACS
PMT61106,INV-51626,2026-01-30,114.57,BACS
PMT61107,INV-51627,2026-02-19,815.25,BACS
PMT61108,INV-51628,2025-08-07,1005.88,BACS
PMT61109,INV-51629,2025-12-28,747.30,CHEQUE
PMT61110,INV-51630,2025-05-10,388.78,BACS
PMT61111,INV-51631,2025-07-19,1440.28,DD
PMT61112,INV-51636,2025-07-03,1131.32,CARD
PMT61113,INV-51637,2025-02-27,707.37,CHEQUE
PMT61114,INV-51639,2025-02-01,214.38,CHEQUE
PMT61115,INV-51640,2025-10-14,233.56,BACS
PMT61116,INV-51641,2026-04-11,889.56,BACS
PMT61117,INV-51642,2025-05-08,150.98,DD
PMT61118,INV-51643,2025-01-04,704.33,CHEQUE
PMT61119,INV-51644,2025-11-10,198.59,DD
PMT61120,INV-51646,2025-04-26,582.42,BACS
PMT61121,INV-51647,2026-02-28,233.93,CHEQUE
PMT61122,INV-51654,2026-04-08,59.68,BACS
PMT61123,INV-51655,2025-05-26,1067.75,CHEQUE
PMT61124,INV-51656,2026-02-24,336.83,BACS
PMT61125,INV-51657,2025-02-16,647.96,CARD
PMT61126,INV-51659,2025-10-09,884.70,BACS
PMT61127,INV-51660,2026-03-04,1027.39,CARD
PMT61128,INV-51661,2025-05-20,720.57,DD
PMT61129,INV-51662,2025-07-22,1458.91,CHEQUE
PMT61130,INV-51663,2025-01-26,1189.68,CHEQUE
PMT61131,INV-51667,2026-02-07,1489.27,CHEQUE
PMT61132,INV-51668,2025-07-03,786.94,CHEQUE
PMT61133,INV-51669,2026-01-04,1202.64,CARD
PMT61134,INV-51670,2025-11-27,985.85,DD
PMT61135,INV-51673,2025-10-14,1113.78,CHEQUE
PMT61136,INV-51677,2025-08-08,35.54,DD
PMT61137,INV-51678,2025-01-27,1076.17,BACS
PMT61138,INV-51679,2025-06-04,283.10,DD
PMT61139,INV-51681,2025-10-07,1325.94,DD
PMT61140,INV-51682,2025-01-30,779.31,CARD
PMT61141,INV-51684,2025-05-19,107.87,BACS
PMT61142,INV-51685,2025-04-28,1450.27,CHEQUE
PMT61143,INV-51687,2026-01-11,715.16,DD
PMT61144,INV-51689,2025-03-17,1303.57,BACS
PMT61145,INV-51690,2025-10-11,75.17,DD
PMT61146,INV-51691,2026-05-25,1205.15,CARD
PMT61147,INV-51693,2025-03-25,1067.49,DD
PMT61148,INV-51694,2025-06-25,409.76,DD
PMT61149,INV-51695,2025-04-29,697.15,DD
PMT61150,INV-51699,2025-11-06,479.05,CARD
PMT61151,INV-51700,2025-04-23,1454.73,DD
PMT61152,INV-51703,2025-09-02,827.35,CARD
PMT61153,INV-51704,2025-04-07,1250.77,CHEQUE
PMT61154,INV-51705,2025-08-12,704.05,DD
PMT61155,INV-51706,2025-07-08,857.77,BACS
PMT61156,INV-51707,2025-01-15,178.96,DD
PMT61157,INV-51708,2025-11-20,699.02,BACS
PMT61158,INV-51709,2025-03-07,1090.21,DD
PMT61159,INV-51710,2026-01-12,660.25,BACS
PMT61160,INV-51711,2026-01-21,486.99,CARD
PMT61161,INV-51712,2025-08-12,1491.83,CARD
PMT61162,INV-51713,2025-11-16,1044.50,CARD
PMT61163,INV-51714,2025-12-30,950.37,DD
PMT61164,INV-51715,2025-03-17,364.41,CHEQUE
PMT61165,INV-51716,2025-03-02,1455.01,BACS
PMT61166,INV-51721,2026-05-25,911.58,CARD
PMT61167,INV-51722,2025-11-21,314.17,BACS
PMT61168,INV-51725,2026-02-21,195.60,BACS
PMT61169,INV-51726,2025-07-12,38.07,CHEQUE
PMT61170,INV-51728,2026-01-21,1298.14,CHEQUE
PMT61171,INV-51729,2025-02-22,1338.90,DD
PMT61172,INV-51730,2025-12-11,921.62,CARD
PMT61173,INV-51731,2025-06-24,1409.37,CARD
PMT61174,INV-51732,2026-02-28,39.56,CARD
PMT61175,INV-51733,2026-05-29,828.17,CARD
PMT61176,INV-51735,2025-03-18,184.43,BACS
PMT61177,INV-51736,2026-03-07,713.84,BACS
PMT61178,INV-51737,2025-06-04,381.60,CHEQUE
PMT61179,INV-51738,2025-01-18,1185.43,CHEQUE
PMT61180,INV-51739,2025-04-23,596.61,CARD
PMT61181,INV-51740,2025-07-20,299.55,DD
PMT61182,INV-51743,2026-05-17,831.12,DD
PMT61183,INV-51745,2025-05-01,72.38,BACS
PMT61184,INV-51746,2025-04-21,1282.80,BACS
PMT61185,INV-51747,2025-05-26,867.76,CARD
PMT61186,INV-51748,2025-12-30,916.01,DD
PMT61187,INV-51750,2026-03-01,1311.59,DD
PMT61188,INV-51751,2026-02-16,291.14,CHEQUE
PMT61189,INV-51752,2025-10-22,777.27,BACS
PMT61190,INV-51754,2025-01-16,1406.15,DD
PMT61191,INV-51755,2026-02-27,205.84,DD
PMT61192,INV-51757,2025-07-03,643.63,CARD
PMT61193,INV-51758,2025-07-19,30.78,CHEQUE
PMT61194,INV-51759,2025-10-13,139.86,CHEQUE
PMT61195,INV-51760,2025-01-28,968.15,CARD
PMT61196,INV-51762,2026-04-28,1182.96,CHEQUE
PMT61197,INV-51763,2025-04-08,1008.32,CARD
PMT61198,INV-51765,2025-10-31,1175.62,BACS
PMT61199,INV-51768,2025-11-19,417.24,DD
PMT61200,INV-51769,2025-09-04,261.06,DD
PMT61201,INV-51770,2026-01-18,86.50,BACS
PMT61202,INV-51773,2026-03-14,437.92,CARD
PMT61203,INV-51774,2025-08-06,608.48,CHEQUE
PMT61204,INV-51775,2025-05-08,1408.66,CHEQUE
PMT61205,INV-51776,2025-11-08,889.84,BACS
PMT61206,INV-51777,2026-03-21,957.60,CHEQUE
PMT61207,INV-51779,2026-04-07,141.99,CARD
PMT61208,INV-51780,2025-11-26,610.40,BACS
PMT61209,INV-51781,2026-04-21,1487.05,BACS
PMT61210,INV-51783,2026-05-17,1492.38,CHEQUE
PMT61211,INV-51784,2025-12-26,614.70,CHEQUE
PMT61212,INV-51785,2026-04-27,933.10,CHEQUE
PMT61213,INV-51786,2025-12-01,343.77,CARD
PMT61214,INV-51787,2026-02-05,465.88,CHEQUE
PMT61215,INV-51788,2025-10-24,1141.66,BACS
PMT61216,INV-51790,2025-04-07,555.83,DD
PMT61217,INV-51792,2026-01-24,1343.61,DD
PMT61218,INV-51793,2025-02-18,1406.39,DD
PMT61219,INV-51795,2025-10-11,427.92,CARD
PMT61220,INV-51796,2026-04-10,285.53,BACS
PMT61221,INV-51797,2026-02-12,114.80,DD
PMT61222,INV-51800,2026-04-25,205.98,CARD
PMT61223,INV-51801,2026-03-29,1248.81,BACS
PMT61224,INV-51802,2026-05-28,531.01,DD
PMT61225,INV-51803,2025-10-16,927.92,CHEQUE
PMT61226,INV-51804,2026-05-10,501.82,CHEQUE
PMT61227,INV-51806,2025-08-11,1108.28,BACS
PMT61228,INV-51807,2025-11-20,1485.51,CHEQUE
PMT61229,INV-51809,2025-06-28,1374.84,DD
PMT61230,INV-51810,2025-02-02,141.67,CARD
PMT61231,INV-51811,2025-05-17,1207.32,CHEQUE
PMT61232,INV-51812,2025-06-03,1161.37,CARD
PMT61233,INV-51813,2026-02-19,1207.08,BACS
PMT61234,INV-51814,2025-08-31,891.69,BACS
PMT61235,INV-51815,2025-07-03,1027.40,CHEQUE
PMT61236,INV-51816,2025-09-16,39.38,CHEQUE
PMT61237,INV-51817,2026-04-03,740.24,CARD
PMT61238,INV-51818,2025-09-14,858.91,BACS
PMT61239,INV-51819,2025-08-23,687.66,CHEQUE
PMT61240,INV-51821,2025-09-27,510.97,CARD
PMT61241,INV-51823,2025-06-15,1151.21,DD
PMT61242,INV-51826,2025-01-23,445.45,DD
PMT61243,INV-51827,2025-11-21,1443.34,CHEQUE
PMT61244,INV-51828,2026-01-15,292.39,CHEQUE
PMT61245,INV-51829,2025-10-17,1254.51,CHEQUE
PMT61246,INV-51831,2025-09-13,1276.43,DD
PMT61247,INV-51834,2025-11-10,1186.45,BACS
PMT61248,INV-51835,2026-05-27,599.90,BACS
PMT61249,INV-51836,2025-03-07,340.92,BACS
PMT61250,INV-51837,2026-05-13,1260.59,DD
PMT61251,INV-51838,2026-05-16,959.66,CHEQUE
PMT61252,INV-51841,2026-05-22,80.81,CHEQUE
PMT61253,INV-51843,2026-04-29,799.52,CHEQUE
PMT61254,INV-51844,2026-05-28,811.93,BACS
PMT61255,INV-51845,2025-08-10,541.17,DD
PMT61256,INV-51846,2025-12-27,1216.41,CHEQUE
PMT61257,INV-51847,2025-07-01,578.83,DD
PMT61258,INV-51848,2026-01-12,284.60,BACS
PMT61259,INV-51852,2026-03-14,392.93,CARD
PMT61260,INV-51853,2025-09-29,959.34,DD
PMT61261,INV-51855,2026-05-28,431.36,BACS
PMT61262,INV-51856,2025-08-03,562.67,CHEQUE
PMT61263,INV-51858,2025-08-12,336.10,DD
PMT61264,INV-51859,2026-01-30,268.45,CARD
PMT61265,INV-51860,2025-06-15,21.28,DD
PMT61266,INV-51861,2025-04-06,713.66,CARD
PMT61267,INV-51862,2026-01-10,1371.92,BACS
PMT61268,INV-51863,2025-01-10,1482.78,CARD
PMT61269,INV-51864,2025-04-16,1101.07,CHEQUE
PMT61270,INV-51867,2026-01-06,1006.08,CARD
PMT61271,INV-51868,2025-05-17,168.90,DD
PMT61272,INV-51869,2025-03-08,521.69,BACS
PMT61273,INV-51870,2025-07-26,891.86,BACS
PMT61274,INV-51871,2025-06-17,739.94,DD
PMT61275,INV-51873,2025-11-17,892.53,CARD
PMT61276,INV-51874,2025-10-02,491.38,BACS
PMT61277,INV-51875,2025-06-19,1408.80,DD
PMT61278,INV-51877,2025-05-19,1114.76,CARD
PMT61279,INV-51878,2025-06-05,38.95,CHEQUE
PMT61280,INV-51881,2026-05-25,546.24,BACS
PMT61281,INV-51882,2026-01-05,955.41,CHEQUE
PMT61282,INV-51886,2025-02-08,312.74,BACS
PMT61283,INV-51887,2025-06-15,332.43,CARD
PMT61284,INV-51888,2025-04-04,1476.55,CHEQUE
PMT61285,INV-51889,2026-05-03,1206.84,CARD
PMT61286,INV-51892,2026-03-18,1414.79,DD
PMT61287,INV-51893,2025-11-30,381.22,DD
PMT61288,INV-51894,2025-12-24,584.98,DD
PMT61289,INV-51895,2026-05-03,1241.18,CARD
PMT61290,INV-51896,2025-08-15,820.67,CHEQUE
PMT61291,INV-51898,2025-04-18,1308.13,DD
PMT61292,INV-51899,2025-10-20,1085.21,CARD
PMT61293,INV-51900,2025-05-03,265.48,DD
PMT61294,INV-51901,2025-05-05,930.25,CARD
PMT61295,INV-51902,2025-08-15,706.86,BACS
PMT61296,INV-51904,2025-10-03,917.58,CARD
PMT61297,INV-51905,2026-03-21,660.96,CHEQUE
PMT61298,INV-51906,2025-01-10,1472.74,BACS
PMT61299,INV-51908,2025-01-28,112.87,CHEQUE
PMT61300,INV-51911,2025-05-07,1112.19,CARD
PMT61301,INV-51912,2025-11-28,1379.45,CARD
PMT61302,INV-51913,2025-07-29,173.20,DD
PMT61303,INV-51914,2025-11-16,356.54,CARD
PMT61304,INV-51915,2025-08-08,1007.39,BACS
PMT61305,INV-51916,2025-11-09,62.99,CHEQUE
PMT61306,INV-51917,2025-01-29,1397.01,DD
PMT61307,INV-51919,2025-07-22,1193.30,BACS
PMT61308,INV-51920,2025-01-30,22.21,BACS
PMT61309,INV-51921,2026-03-16,333.40,CHEQUE
PMT61310,INV-51922,2026-03-10,1149.95,CHEQUE
PMT61311,INV-51923,2025-10-15,108.17,DD
PMT61312,INV-51926,2025-08-29,816.81,CARD
PMT61313,INV-51927,2025-08-22,273.53,CHEQUE
PMT61314,INV-51928,2026-02-09,166.30,DD
PMT61315,INV-51929,2026-01-17,514.44,CHEQUE
PMT61316,INV-51930,2025-05-19,1063.98,CHEQUE
PMT61317,INV-51932,2025-11-19,846.84,CARD
PMT61318,INV-51933,2026-05-21,803.70,DD
PMT61319,INV-51935,2025-05-03,80.50,CARD
PMT61320,INV-51936,2025-02-19,792.59,CARD
PMT61321,INV-51938,2025-01-18,163.85,BACS
PMT61322,INV-51940,2025-11-01,1110.42,DD
PMT61323,INV-51942,2025-04-25,607.20,CHEQUE
PMT61324,INV-51947,2026-01-06,877.01,DD
PMT61325,INV-51948,2025-04-05,662.97,CARD
PMT61326,INV-51949,2026-03-07,769.70,CHEQUE
PMT61327,INV-51950,2025-05-21,648.77,BACS
PMT61328,INV-51952,2025-12-04,1142.50,DD
PMT61329,INV-51955,2025-06-22,337.79,BACS
PMT61330,INV-51956,2026-03-27,797.99,BACS
PMT61331,INV-51957,2025-09-01,166.74,CARD
PMT61332,INV-51958,2025-05-08,936.00,BACS
PMT61333,INV-51959,2025-06-22,1163.56,BACS
PMT61334,INV-51960,2025-07-08,1403.08,BACS
PMT61335,INV-51961,2025-08-27,1477.00,CHEQUE
PMT61336,INV-51964,2025-12-12,1040.16,DD
PMT61337,INV-51965,2026-02-13,347.94,BACS
PMT61338,INV-51967,2026-03-29,1227.79,DD
PMT61339,INV-51968,2025-07-20,122.44,CHEQUE
PMT61340,INV-51969,2025-05-02,1144.49,DD
PMT61341,INV-51972,2026-02-02,1393.67,CARD
PMT61342,INV-51973,2025-02-23,1330.08,CARD
PMT61343,INV-51976,2025-07-27,1202.90,CHEQUE
PMT61344,INV-51977,2025-11-29,437.15,DD
PMT61345,INV-51978,2025-12-23,648.18,CHEQUE
PMT61346,INV-51982,2025-10-25,486.31,CARD
PMT61347,INV-51983,2025-06-28,941.91,CHEQUE
PMT61348,INV-51985,2026-04-11,364.68,DD
PMT61349,INV-51986,2025-12-22,1246.73,CHEQUE
PMT61350,INV-51987,2026-01-29,896.61,CHEQUE
PMT61351,INV-51989,2025-07-19,1287.99,CARD
PMT61352,INV-51990,2025-10-01,774.45,CHEQUE
PMT61353,INV-51991,2025-09-24,1158.37,DD
PMT61354,INV-51992,2025-04-06,158.92,DD
PMT61355,INV-51994,2025-01-01,1051.88,BACS
PMT61356,INV-51995,2026-05-25,1448.77,BACS
PMT61357,INV-51996,2025-02-07,449.36,CARD
PMT61358,INV-51997,2025-07-12,815.50,BACS
PMT61359,INV-51998,2025-12-27,32.83,CARD
PMT61360,INV-51999,2025-01-06,713.33,CARD
PMT61361,INV-52000,2026-02-23,124.22,CARD
PMT61362,INV-52001,2026-03-04,1159.10,DD
PMT61363,INV-52002,2026-03-30,708.16,CARD
PMT61364,INV-52003,2025-02-21,402.92,BACS
PMT61365,INV-52004,2025-04-04,944.89,DD
PMT61366,INV-52005,2025-10-08,139.65,BACS
PMT61367,INV-52006,2026-05-08,232.14,BACS
PMT61368,INV-52009,2026-04-05,1115.66,CARD
PMT61369,INV-52011,2025-11-20,396.91,BACS
PMT61370,INV-52012,2026-05-14,246.25,CARD
PMT61371,INV-52013,2025-06-09,114.12,CARD
PMT61372,INV-52014,2025-03-04,1327.85,CHEQUE
PMT61373,INV-52015,2025-09-04,612.39,CHEQUE
PMT61374,INV-52016,2025-01-25,1440.71,CARD
PMT61375,INV-52017,2025-07-07,761.07,CHEQUE
PMT61376,INV-52018,2025-10-01,383.19,CHEQUE
PMT61377,INV-52019,2026-03-02,259.34,CARD
PMT61378,INV-52020,2025-11-22,867.79,DD
PMT61379,INV-52021,2025-03-06,262.21,CHEQUE
PMT61380,INV-52022,2025-01-12,487.24,DD
PMT61381,INV-52023,2025-01-20,185.24,BACS
PMT61382,INV-52026,2025-09-10,978.99,CARD
PMT61383,INV-52030,2025-04-19,830.96,BACS
PMT61384,INV-52031,2026-01-22,1244.11,BACS
PMT61385,INV-52034,2025-10-08,894.43,BACS
PMT61386,INV-52035,2025-05-18,534.52,DD
PMT61387,INV-52036,2025-02-17,465.42,CARD
PMT61388,INV-52037,2026-02-17,1165.63,CARD
PMT61389,INV-52039,2025-09-14,1294.90,CARD
PMT61390,INV-52040,2025-11-09,1328.10,DD
PMT61391,INV-52043,2025-09-17,1361.36,CARD
PMT61392,INV-52044,2026-04-21,1228.28,CHEQUE
PMT61393,INV-52045,2025-11-19,343.27,CHEQUE
PMT61394,INV-52048,2025-04-15,1056.31,BACS
PMT61395,INV-52051,2025-08-29,164.03,DD
PMT61396,INV-52052,2026-04-02,441.15,CARD
PMT61397,INV-52054,2026-05-12,245.19,DD
PMT61398,INV-52055,2025-10-03,775.70,CARD
PMT61399,INV-52056,2026-01-13,1183.19,CHEQUE
PMT61400,INV-52057,2026-02-26,912.47,BACS
PMT61401,INV-52059,2025-03-25,584.39,BACS
PMT61402,INV-52060,2025-07-10,38.82,DD
PMT61403,INV-52061,2025-04-30,1470.81,DD
PMT61404,INV-52063,2025-04-02,1418.15,CHEQUE
PMT61405,INV-52067,2026-04-13,850.44,DD
PMT61406,INV-52068,2025-09-23,1249.13,CARD
PMT61407,INV-52070,2025-03-18,933.87,CHEQUE
PMT61408,INV-52071,2025-06-28,1033.29,DD
PMT61409,INV-52072,2025-07-12,471.01,BACS
PMT61410,INV-52073,2025-11-14,457.95,BACS
PMT61411,INV-52074,2025-04-04,523.26,CARD
PMT61412,INV-52077,2025-07-15,90.55,DD
PMT61413,INV-52080,2026-02-15,816.71,CHEQUE
PMT61414,INV-52081,2025-02-23,497.89,DD
PMT61415,INV-52082,2025-03-20,26.46,DD
PMT61416,INV-52083,2025-07-31,903.87,DD
PMT61417,INV-52084,2026-02-22,964.99,CHEQUE
PMT61418,INV-52085,2025-12-07,953.51,DD
PMT61419,INV-52087,2026-04-26,323.33,BACS
PMT61420,INV-52089,2025-10-18,787.66,CARD
PMT61421,INV-52090,2025-07-12,1293.74,DD
PMT61422,INV-52093,2026-01-16,988.78,DD
PMT61423,INV-52094,2025-06-15,73.35,DD
PMT61424,INV-52095,2026-04-27,914.74,CHEQUE
PMT61425,INV-52097,2025-03-07,366.88,BACS
PMT61426,INV-52099,2025-11-16,352.62,CARD
PMT61427,INV-52100,2025-07-18,608.48,CARD
PMT61428,INV-52102,2025-12-30,266.56,CARD
PMT61429,INV-52103,2025-03-27,672.30,CHEQUE
PMT61430,INV-52104,2025-01-03,1318.29,DD
PMT61431,INV-52107,2026-02-24,100.04,CARD
PMT61432,INV-52109,2025-07-21,826.53,BACS
PMT61433,INV-52110,2025-01-14,1291.95,CARD
PMT61434,INV-52111,2025-06-15,1457.48,CHEQUE
PMT61435,INV-52114,2025-06-09,241.88,BACS
PMT61436,INV-52115,2025-10-14,952.81,BACS
PMT61437,INV-52116,2025-05-04,1151.44,CHEQUE
PMT61438,INV-52117,2025-05-01,718.44,DD
PMT61439,INV-52118,2026-03-23,66.73,BACS
PMT61440,INV-52120,2025-02-16,214.74,CARD
PMT61441,INV-52124,2025-01-21,120.08,DD
PMT61442,INV-52125,2026-05-22,40.17,CARD
PMT61443,INV-52126,2025-12-23,761.96,CHEQUE
PMT61444,INV-52129,2025-10-13,978.04,CHEQUE
PMT61445,INV-52130,2025-04-11,831.50,BACS
PMT61446,INV-52131,2026-05-26,1414.67,CARD
PMT61447,INV-52132,2026-04-26,996.80,CHEQUE
PMT61448,INV-52133,2025-01-23,360.84,CARD
PMT61449,INV-52134,2025-09-11,1400.83,BACS
PMT61450,INV-52135,2026-02-08,1028.42,CHEQUE
PMT61451,INV-52137,2025-05-12,487.10,DD
PMT61452,INV-52138,2025-09-21,473.09,CHEQUE
PMT61453,INV-52139,2026-05-13,1316.45,BACS
PMT61454,INV-52140,2026-02-03,486.25,DD
PMT61455,INV-52141,2025-04-02,840.97,DD
PMT61456,INV-52142,2026-03-12,469.15,CHEQUE
PMT61457,INV-52145,2026-05-10,263.07,BACS
PMT61458,INV-52151,2025-06-26,882.17,BACS
PMT61459,INV-52152,2025-05-11,505.57,DD
PMT61460,INV-52157,2025-09-08,1487.12,CARD
PMT61461,INV-52158,2025-05-26,599.96,DD
PMT61462,INV-52160,2025-07-17,235.09,CHEQUE
PMT61463,INV-52161,2025-03-01,1356.18,BACS
PMT61464,INV-52162,2025-03-16,353.20,CHEQUE
PMT61465,INV-52163,2025-12-18,1348.21,CHEQUE
PMT61466,INV-52164,2025-09-24,983.60,BACS
PMT61467,INV-52166,2025-07-05,696.54,DD
PMT61468,INV-52167,2025-04-29,245.28,CHEQUE
PMT61469,INV-52168,2025-12-11,1494.27,CARD
PMT61470,INV-52169,2026-04-21,73.35,DD
PMT61471,INV-52170,2025-10-10,330.37,CARD
PMT61472,INV-52171,2025-05-13,425.62,DD
PMT61473,INV-52172,2025-12-12,103.45,DD
PMT61474,INV-52174,2025-09-13,186.17,DD
PMT61475,INV-52175,2026-04-15,633.30,DD
PMT61476,INV-52176,2026-01-17,640.12,CARD
PMT61477,INV-52177,2025-07-16,257.16,CHEQUE
PMT61478,INV-52178,2025-04-20,449.89,BACS
PMT61479,INV-52179,2025-07-18,354.17,BACS
PMT61480,INV-52181,2026-01-29,886.21,BACS
PMT61481,INV-52182,2025-12-18,991.58,CHEQUE
PMT61482,INV-52183,2026-01-11,942.48,BACS
PMT61483,INV-52186,2025-11-27,427.41,CARD
PMT61484,INV-52187,2025-09-01,631.40,DD
PMT61485,INV-52188,2025-06-09,746.43,CARD
PMT61486,INV-52189,2025-02-26,1478.68,DD
PMT61487,INV-52190,2025-12-08,690.50,DD
PMT61488,INV-52194,2025-11-16,290.06,CHEQUE
PMT61489,INV-52195,2025-04-20,279.19,DD
PMT61490,INV-52197,2025-06-17,140.95,CHEQUE
PMT61491,INV-52198,2025-10-15,478.92,DD
PMT61492,INV-52201,2025-04-19,879.74,CARD
PMT61493,INV-52202,2026-02-07,225.06,BACS
PMT61494,INV-52203,2026-04-16,30.17,CHEQUE
PMT61495,INV-52204,2026-04-06,166.52,CHEQUE
PMT61496,INV-52205,2025-01-04,1288.31,CARD
PMT61497,INV-52206,2025-11-09,958.42,DD
PMT61498,INV-52207,2026-02-26,855.80,DD
PMT61499,INV-52208,2025-08-16,1391.14,DD
PMT61500,INV-52209,2025-06-13,869.81,BACS
PMT61501,INV-52210,2025-03-27,212.35,CARD
PMT61502,INV-52211,2026-04-15,35.38,BACS
PMT61503,INV-52212,2026-04-28,790.89,BACS
PMT61504,INV-52214,2025-05-08,650.20,CHEQUE
PMT61505,INV-52216,2025-03-29,122.99,CARD
PMT61506,INV-52217,2025-06-16,838.37,BACS
PMT61507,INV-52219,2025-07-05,339.63,BACS
PMT61508,INV-52220,2025-04-03,1457.15,CARD
PMT61509,INV-52221,2025-01-29,661.64,CARD
PMT61510,INV-52222,2025-06-09,717.46,DD
PMT61511,INV-52225,2025-12-18,804.41,BACS
PMT61512,INV-52227,2025-07-17,725.56,CHEQUE
PMT61513,INV-52229,2025-05-02,231.45,CHEQUE
PMT61514,INV-52230,2025-09-03,1242.49,BACS
PMT61515,INV-52232,2026-04-06,597.33,CHEQUE
PMT61516,INV-52233,2026-01-11,982.76,DD
PMT61517,INV-52234,2025-11-03,467.02,CARD
PMT61518,INV-52235,2025-05-27,321.36,BACS
PMT61519,INV-52238,2025-11-05,855.68,DD
PMT61520,INV-52239,2025-08-20,1496.58,BACS
PMT61521,INV-52240,2025-08-30,233.75,CHEQUE
PMT61522,INV-52242,2025-05-17,924.54,CHEQUE
PMT61523,INV-52243,2026-02-10,393.23,BACS
PMT61524,INV-52244,2025-02-07,1292.32,CARD
PMT61525,INV-52245,2025-06-17,503.16,CHEQUE
PMT61526,INV-52246,2025-03-14,1399.34,DD
PMT61527,INV-52247,2025-11-09,51.99,CARD
PMT61528,INV-52248,2025-06-16,505.24,CARD
PMT61529,INV-52249,2026-03-24,1343.76,BACS
PMT61530,INV-52251,2025-12-20,458.56,DD
PMT61531,INV-52252,2025-05-13,596.08,DD
PMT61532,INV-52253,2025-04-06,1396.12,BACS
PMT61533,INV-52254,2025-10-04,334.90,BACS
PMT61534,INV-52255,2025-06-03,101.62,BACS
PMT61535,INV-52256,2026-05-10,836.17,DD
PMT61536,INV-52257,2025-06-25,183.67,CHEQUE
PMT61537,INV-52258,2025-10-23,1132.81,DD
PMT61538,INV-52259,2026-02-05,394.69,BACS
PMT61539,INV-52260,2025-02-15,930.39,BACS
PMT61540,INV-52262,2026-02-04,1395.64,CARD
PMT61541,INV-52263,2026-03-13,1016.41,DD
PMT61542,INV-52264,2025-02-21,204.67,BACS
PMT61543,INV-52265,2025-03-04,208.09,DD
PMT61544,INV-52266,2025-01-22,214.78,CARD
PMT61545,INV-52267,2025-10-21,547.16,CARD
PMT61546,INV-52269,2025-11-04,1296.92,CHEQUE
PMT61547,INV-52270,2025-05-14,243.52,DD
PMT61548,INV-52271,2025-08-25,350.34,BACS
PMT61549,INV-52272,2025-07-07,1378.80,BACS
PMT61550,INV-52273,2026-01-09,1104.72,BACS
PMT61551,INV-52275,2026-04-10,172.11,CHEQUE
PMT61552,INV-52276,2025-06-16,1105.29,BACS
PMT61553,INV-52277,2025-03-04,1224.59,CHEQUE
PMT61554,INV-52278,2025-03-05,1096.80,DD
PMT61555,INV-52279,2025-10-11,490.92,BACS
PMT61556,INV-52281,2026-04-20,807.82,CHEQUE
PMT61557,INV-52283,2025-10-30,352.08,CARD
PMT61558,INV-52284,2025-02-09,1469.55,DD
PMT61559,INV-52286,2025-07-26,42.35,BACS
PMT61560,INV-52289,2026-04-29,478.16,CHEQUE
PMT61561,INV-52290,2026-04-28,1293.42,BACS
PMT61562,INV-52292,2025-11-23,422.11,CHEQUE
PMT61563,INV-52293,2025-10-22,868.33,DD
PMT61564,INV-52294,2025-08-16,31.31,CHEQUE
PMT61565,INV-52295,2025-02-13,441.09,CARD
PMT61566,INV-52300,2025-07-15,803.47,CHEQUE
PMT61567,INV-52302,2025-03-15,190.16,CARD
PMT61568,INV-52303,2025-02-25,1174.65,BACS
PMT61569,INV-52304,2025-01-17,1401.54,BACS
PMT61570,INV-52305,2026-02-12,562.97,DD
PMT61571,INV-52307,2026-03-20,245.59,BACS
PMT61572,INV-52308,2025-02-24,1112.81,BACS
PMT61573,INV-52309,2026-01-29,1042.92,CARD
PMT61574,INV-52313,2025-10-21,277.98,DD
PMT61575,INV-52314,2026-05-18,1050.69,CARD
PMT61576,INV-52315,2025-09-02,397.76,BACS
PMT61577,INV-52316,2025-09-11,487.34,CHEQUE
PMT61578,INV-52319,2025-09-27,1247.02,CARD
PMT61579,INV-52320,2026-03-22,31.37,BACS
PMT61580,INV-52321,2025-07-03,676.29,DD
PMT61581,INV-52323,2025-10-27,1220.35,DD
PMT61582,INV-52324,2025-03-03,413.48,DD
PMT61583,INV-52325,2025-07-22,938.61,CHEQUE
PMT61584,INV-52326,2026-02-25,594.54,CHEQUE
PMT61585,INV-52332,2025-06-07,1037.07,CHEQUE
PMT61586,INV-52334,2026-03-09,92.35,CARD
PMT61587,INV-52335,2026-03-19,294.41,CHEQUE
PMT61588,INV-52336,2025-04-10,681.55,BACS
PMT61589,INV-52339,2025-01-30,278.86,DD
PMT61590,INV-52340,2025-03-06,1476.20,CARD
PMT61591,INV-52341,2026-01-27,928.69,DD
PMT61592,INV-52342,2026-04-21,382.34,DD
PMT61593,INV-52343,2025-11-07,426.66,CARD
PMT61594,INV-52344,2026-02-06,1320.07,CARD
PMT61595,INV-52346,2025-11-10,102.19,CHEQUE
PMT61596,INV-52350,2025-08-03,672.54,DD
PMT61597,INV-52351,2025-01-09,1487.76,CHEQUE
PMT61598,INV-52352,2025-08-17,1008.00,CARD
PMT61599,INV-52353,2025-02-28,1371.36,DD
PMT61600,INV-52354,2026-04-28,1014.87,CARD
PMT61601,INV-52355,2026-04-15,579.95,DD
PMT61602,INV-52359,2026-01-28,1498.81,DD
PMT61603,INV-52360,2026-01-01,1431.94,CARD
PMT61604,INV-52363,2025-01-21,1210.37,CARD
PMT61605,INV-52364,2025-01-25,757.39,BACS
PMT61606,INV-52365,2025-11-20,63.00,BACS
PMT61607,INV-52366,2025-03-06,763.77,CHEQUE
PMT61608,INV-52368,2025-09-05,681.67,CARD
PMT61609,INV-52369,2025-12-31,520.55,CARD
PMT61610,INV-52370,2026-05-05,30.77,BACS
PMT61611,INV-52372,2025-12-08,622.86,CHEQUE
PMT61612,INV-52373,2026-01-31,1055.49,DD
PMT61613,INV-52374,2026-04-09,481.81,DD
PMT61614,INV-52376,2025-01-04,1290.50,DD
PMT61615,INV-52377,2025-07-10,269.25,BACS
PMT61616,INV-52378,2026-01-20,1387.56,DD
PMT61617,INV-52379,2025-11-12,145.09,DD
PMT61618,INV-52380,2026-05-10,583.21,CARD
PMT61619,INV-52381,2026-03-24,360.06,CHEQUE
PMT61620,INV-52382,2025-08-17,628.91,CARD
PMT61621,INV-52383,2025-07-16,96.05,BACS
PMT61622,INV-52384,2025-08-08,240.96,CHEQUE
PMT61623,INV-52385,2025-09-09,756.82,BACS
PMT61624,INV-52389,2026-05-28,304.41,BACS
PMT61625,INV-52390,2025-03-25,958.41,DD
PMT61626,INV-52391,2025-07-13,109.57,CARD
PMT61627,INV-52392,2025-08-05,340.90,CHEQUE
PMT61628,INV-52393,2025-08-11,1495.74,DD
PMT61629,INV-52394,2025-06-27,1242.01,BACS
PMT61630,INV-52395,2026-04-13,1479.23,CARD
PMT61631,INV-52396,2025-03-21,196.76,BACS
PMT61632,INV-52398,2025-01-09,126.51,BACS
PMT61633,INV-52399,2025-01-30,693.73,CHEQUE
PMT61634,INV-52402,2026-04-08,1347.51,DD
PMT61635,INV-52403,2025-03-06,1070.69,DD
PMT61636,INV-52404,2025-11-30,996.14,BACS
PMT61637,INV-52406,2025-10-05,943.17,CARD
PMT61638,INV-52407,2025-06-13,176.93,CARD
PMT61639,INV-52408,2026-02-08,632.56,CHEQUE
PMT61640,INV-52412,2025-02-07,125.38,DD
PMT61641,INV-52414,2026-05-05,893.24,CHEQUE
PMT61642,INV-52415,2025-09-02,822.15,DD
PMT61643,INV-52420,2026-04-22,1483.38,CARD
PMT61644,INV-52421,2025-12-23,1164.56,CHEQUE
PMT61645,INV-52422,2025-11-29,287.94,CHEQUE
PMT61646,INV-52424,2025-09-22,769.72,CARD
PMT61647,INV-52425,2026-05-18,1297.88,DD
PMT61648,INV-52426,2025-02-13,879.06,CHEQUE
PMT61649,INV-52431,2025-11-14,206.72,BACS
PMT61650,INV-52434,2025-11-02,843.96,CARD
PMT61651,INV-52436,2026-01-10,974.49,DD
PMT61652,INV-52437,2026-03-31,801.80,BACS
PMT61653,INV-52438,2025-11-01,1040.19,BACS
PMT61654,INV-52439,2026-05-21,58.95,BACS
PMT61655,INV-52440,2025-08-26,1245.59,CARD
PMT61656,INV-52441,2026-01-30,1383.69,CARD
PMT61657,INV-52442,2026-03-27,185.04,DD
PMT61658,INV-52443,2025-03-11,1175.75,CHEQUE
PMT61659,INV-52444,2025-04-21,496.08,BACS
PMT61660,INV-52445,2026-01-10,870.24,CARD
PMT61661,INV-52449,2025-02-19,296.65,CHEQUE
PMT61662,INV-52450,2026-05-17,567.67,DD
PMT61663,INV-52452,2026-05-27,673.42,CHEQUE
PMT61664,INV-52453,2025-05-14,654.46,DD
PMT61665,INV-52454,2025-11-29,384.99,DD
PMT61666,INV-52455,2025-06-19,948.61,CHEQUE
PMT61667,INV-52457,2025-03-03,890.88,CHEQUE
PMT61668,INV-52458,2025-01-18,1001.88,CARD
PMT61669,INV-52459,2025-12-24,436.25,DD
PMT61670,INV-52462,2025-09-14,1470.62,CARD
PMT61671,INV-52465,2025-12-20,1142.66,BACS
PMT61672,INV-52469,2026-05-17,807.20,BACS
PMT61673,INV-52475,2026-02-06,718.59,CHEQUE
PMT61674,INV-52477,2026-05-23,932.35,BACS
PMT61675,INV-52478,2025-01-30,1451.92,DD
PMT61676,INV-52481,2025-03-18,1286.90,CHEQUE
PMT61677,INV-52482,2025-03-09,894.75,DD
PMT61678,INV-52483,2026-01-03,166.64,CARD
PMT61679,INV-52485,2025-12-24,785.84,BACS
PMT61680,INV-52488,2026-02-20,1261.64,BACS
PMT61681,INV-52489,2025-03-26,118.77,CHEQUE
PMT61682,INV-52490,2026-04-11,161.87,DD
PMT61683,INV-52491,2025-08-31,199.32,CHEQUE
PMT61684,INV-52492,2025-01-31,1424.74,DD
PMT61685,INV-52496,2025-03-15,429.01,DD
PMT61686,INV-52497,2025-10-24,835.49,DD
PMT61687,INV-52499,2025-10-08,753.23,CARD
PMT61688,INV-52503,2026-04-01,1337.13,CARD
PMT61689,INV-52504,2025-12-29,238.21,CARD
PMT61690,INV-52506,2025-01-22,200.38,DD
PMT61691,INV-52508,2025-12-23,618.60,CARD
PMT61692,INV-52510,2025-04-19,113.47,CARD
PMT61693,INV-52511,2025-09-30,1332.11,CHEQUE
PMT61694,INV-52513,2026-05-06,964.17,BACS
PMT61695,INV-52514,2025-06-13,1409.72,DD
PMT61696,INV-52515,2026-01-04,578.22,CARD
PMT61697,INV-52516,2025-04-10,1242.06,BACS
PMT61698,INV-52517,2026-01-12,483.55,CARD
PMT61699,INV-52518,2026-04-29,1040.67,BACS
PMT61700,INV-52520,2025-10-24,1115.74,BACS
PMT61701,INV-52522,2025-01-05,296.19,DD
PMT61702,INV-52523,2025-10-27,615.15,CHEQUE
PMT61703,INV-52524,2025-11-30,876.94,DD
PMT61704,INV-52525,2026-05-24,496.79,CHEQUE
PMT61705,INV-52526,2025-09-17,333.03,BACS
PMT61706,INV-52527,2025-01-30,897.08,CARD
PMT61707,INV-52528,2025-02-05,589.62,CHEQUE
PMT61708,INV-52532,2025-06-11,349.33,BACS
PMT61709,INV-52533,2025-06-08,148.64,BACS
PMT61710,INV-52534,2025-11-11,802.42,BACS
PMT61711,INV-52535,2026-05-20,677.80,CARD
PMT61712,INV-52539,2025-10-12,1419.48,CHEQUE
PMT61713,INV-52542,2025-10-25,748.78,CARD
PMT61714,INV-52545,2025-10-08,1332.67,DD
PMT61715,INV-52548,2025-06-03,1338.07,DD
PMT61716,INV-52549,2025-03-10,1466.87,CHEQUE
PMT61717,INV-52550,2026-03-23,1445.75,CARD
PMT61718,INV-52551,2025-03-16,598.54,BACS
PMT61719,INV-52552,2025-09-15,1354.53,DD
PMT61720,INV-52554,2025-02-27,927.83,BACS
PMT61721,INV-52557,2025-04-26,229.47,CARD
PMT61722,INV-52558,2026-02-25,1259.83,CHEQUE
PMT61723,INV-52559,2025-05-14,314.22,BACS
PMT61724,INV-52561,2025-08-12,1151.56,CHEQUE
PMT61725,INV-52563,2025-09-16,995.50,DD
PMT61726,INV-52564,2025-06-26,77.52,BACS
PMT61727,INV-52565,2026-04-29,253.14,CHEQUE
PMT61728,INV-52566,2025-05-29,1430.42,CHEQUE
PMT61729,INV-52570,2025-04-14,54.58,CARD
PMT61730,INV-52572,2025-01-30,859.65,CARD
PMT61731,INV-52575,2025-07-07,733.27,CHEQUE
PMT61732,INV-52578,2025-01-23,389.26,CARD
PMT61733,INV-52579,2025-02-22,833.02,CHEQUE
PMT61734,INV-52580,2025-02-26,1046.56,BACS
PMT61735,INV-52582,2025-02-01,1097.95,CARD
PMT61736,INV-52584,2025-06-23,485.07,DD
PMT61737,INV-52585,2026-03-26,465.78,CARD
PMT61738,INV-52588,2025-12-01,815.76,CARD
PMT61739,INV-52589,2025-03-31,520.64,DD
PMT61740,INV-52590,2025-12-03,796.80,BACS
PMT61741,INV-52595,2025-07-08,816.32,BACS
PMT61742,INV-52596,2025-03-23,211.30,BACS
PMT61743,INV-52597,2025-12-05,979.69,CHEQUE
PMT61744,INV-52598,2025-10-08,729.42,BACS
PMT61745,INV-52600,2025-01-28,1473.48,CARD
PMT61746,INV-52601,2025-03-05,268.38,CARD
PMT61747,INV-52602,2025-05-12,125.58,CARD
PMT61748,INV-52603,2025-07-31,1034.18,CHEQUE
PMT61749,INV-52604,2025-11-03,434.88,CHEQUE
PMT61750,INV-52605,2025-06-17,1200.06,CHEQUE
PMT61751,INV-52610,2025-08-17,1472.35,CHEQUE
PMT61752,INV-52611,2026-02-24,743.30,DD
PMT61753,INV-52614,2025-10-31,740.64,BACS
PMT61754,INV-52616,2025-03-15,476.02,BACS
PMT61755,INV-52619,2025-12-15,29.92,BACS
PMT61756,INV-52622,2025-01-18,1138.00,BACS
PMT61757,INV-52623,2026-01-02,550.31,CHEQUE
PMT61758,INV-52624,2025-03-24,1240.03,BACS
PMT61759,INV-52625,2025-03-14,1014.75,CARD
PMT61760,INV-52626,2026-05-17,480.62,BACS
PMT61761,INV-52627,2025-02-23,598.34,CARD
PMT61762,INV-52628,2025-11-01,1494.01,CARD
PMT61763,INV-52629,2025-02-19,393.36,CARD
PMT61764,INV-52630,2025-10-27,993.69,BACS
PMT61765,INV-52631,2025-10-18,1227.14,DD
PMT61766,INV-52632,2026-01-06,632.25,CHEQUE
PMT61767,INV-52634,2026-01-30,778.80,CARD
PMT61768,INV-52635,2025-04-21,757.93,BACS
PMT61769,INV-52636,2026-02-12,284.91,CHEQUE
PMT61770,INV-52638,2025-08-06,613.93,CARD
PMT61771,INV-52640,2025-12-21,599.40,CHEQUE
PMT61772,INV-52641,2025-10-18,713.26,DD
PMT61773,INV-52644,2025-01-01,303.87,BACS
PMT61774,INV-52645,2026-04-26,1391.98,CHEQUE
PMT61775,INV-52646,2025-11-14,617.97,CARD
PMT61776,INV-52649,2025-12-31,1045.71,DD
PMT61777,INV-52650,2026-02-08,863.93,CHEQUE
PMT61778,INV-52651,2026-02-21,44.32,BACS
PMT61779,INV-52652,2026-03-14,410.57,CHEQUE
PMT61780,INV-52653,2025-10-29,507.27,DD
PMT61781,INV-52655,2025-03-26,828.84,CHEQUE
PMT61782,INV-52656,2026-04-01,972.71,BACS
PMT61783,INV-52658,2025-07-17,846.57,BACS
PMT61784,INV-52659,2026-05-31,777.03,CHEQUE
PMT61785,INV-52661,2025-09-08,967.16,CARD
PMT61786,INV-52662,2025-10-14,396.49,CHEQUE
PMT61787,INV-52664,2025-11-09,763.06,CHEQUE
PMT61788,INV-52665,2025-01-05,20.68,BACS
PMT61789,INV-52666,2025-06-19,1243.31,CARD
PMT61790,INV-52667,2026-01-10,1139.40,BACS
PMT61791,INV-52668,2025-09-12,870.17,DD
PMT61792,INV-52669,2025-02-19,1101.17,BACS
PMT61793,INV-52670,2025-11-10,380.92,CARD
PMT61794,INV-52671,2025-02-20,924.90,BACS
PMT61795,INV-52672,2025-12-02,844.65,CHEQUE
PMT61796,INV-52673,2025-11-12,237.48,CARD
PMT61797,INV-52674,2025-10-23,1357.74,CHEQUE
PMT61798,INV-52676,2026-01-06,159.31,CHEQUE
PMT61799,INV-52677,2026-03-09,1125.78,CHEQUE
PMT61800,INV-52678,2026-02-19,1070.44,DD
PMT61801,INV-52681,2025-09-04,622.29,BACS
PMT61802,INV-52683,2026-02-11,382.07,BACS
PMT61803,INV-52684,2025-06-04,871.35,CARD
PMT61804,INV-52687,2025-03-05,434.24,BACS
PMT61805,INV-52689,2026-03-19,646.21,CHEQUE
PMT61806,INV-52690,2025-05-05,1330.46,DD
PMT61807,INV-52691,2026-04-11,1287.15,DD
PMT61808,INV-52692,2025-08-12,723.93,DD
PMT61809,INV-52694,2025-11-24,734.21,CHEQUE
PMT61810,INV-52695,2025-11-29,1391.94,CHEQUE
PMT61811,INV-52696,2026-05-26,110.26,CHEQUE
PMT61812,INV-52697,2025-12-23,1375.50,BACS
PMT61813,INV-52698,2025-02-03,255.31,DD
PMT61814,INV-52699,2025-05-13,708.85,CHEQUE
PMT61815,INV-52700,2026-03-14,1401.46,CHEQUE
PMT61816,INV-52701,2025-07-16,813.50,CHEQUE
PMT61817,INV-52702,2025-02-01,33.64,BACS
PMT61818,INV-52703,2025-01-29,1083.02,CHEQUE
PMT61819,INV-52707,2025-11-19,499.38,CARD
PMT61820,INV-52709,2025-09-04,858.17,CHEQUE
PMT61821,INV-52710,2025-11-25,606.39,CHEQUE
PMT61822,INV-52712,2025-06-12,920.59,DD
PMT61823,INV-52714,2026-05-01,1327.67,DD
PMT61824,INV-52715,2026-04-02,376.75,CHEQUE
PMT61825,INV-52716,2026-04-22,1189.46,CARD
PMT61826,INV-52718,2026-05-16,367.80,BACS
PMT61827,INV-52719,2025-05-25,1354.26,DD
PMT61828,INV-52720,2025-04-26,474.84,CARD
PMT61829,INV-52721,2025-04-21,433.83,CHEQUE
PMT61830,INV-52722,2025-01-22,1413.89,CARD
PMT61831,INV-52723,2026-03-18,808.06,CARD
PMT61832,INV-52725,2025-11-30,43.47,CARD
PMT61833,INV-52726,2025-03-15,469.79,CHEQUE
PMT61834,INV-52727,2025-12-02,156.85,CHEQUE
PMT61835,INV-52730,2025-01-19,1489.45,DD
PMT61836,INV-52732,2025-02-19,250.63,DD
PMT61837,INV-52733,2026-02-08,900.74,BACS
PMT61838,INV-52739,2025-08-08,792.91,CARD
PMT61839,INV-52740,2025-12-07,651.52,CARD
PMT61840,INV-52741,2025-08-26,1324.89,DD
PMT61841,INV-52743,2025-04-15,1260.91,BACS
PMT61842,INV-52744,2026-02-24,1247.88,CHEQUE
PMT61843,INV-52746,2025-02-16,129.13,CARD
PMT61844,INV-52747,2025-06-27,1292.72,BACS
PMT61845,INV-52748,2026-03-14,1209.42,BACS
PMT61846,INV-52750,2025-05-13,195.52,CARD
PMT61847,INV-52751,2025-09-08,452.95,BACS
PMT61848,INV-52753,2025-07-27,555.61,CARD
PMT61849,INV-52754,2026-04-21,940.69,BACS
PMT61850,INV-52756,2025-02-04,1065.70,CARD
PMT61851,INV-52757,2026-05-15,366.87,BACS
PMT61852,INV-52758,2025-01-29,991.20,BACS
PMT61853,INV-52759,2026-03-08,898.59,BACS
PMT61854,INV-52761,2025-04-27,882.06,DD
PMT61855,INV-52762,2026-03-12,642.27,CARD
PMT61856,INV-52764,2025-12-08,527.36,BACS
PMT61857,INV-52765,2025-02-20,110.57,CARD
PMT61858,INV-52767,2026-01-17,541.42,CHEQUE
PMT61859,INV-52769,2025-10-20,926.33,BACS
PMT61860,INV-52770,2025-03-20,1165.08,BACS
PMT61861,INV-52771,2026-02-12,981.49,CHEQUE
PMT61862,INV-52772,2025-08-13,467.09,CHEQUE
PMT61863,INV-52773,2025-05-29,1085.96,BACS
PMT61864,INV-52774,2025-07-01,1113.46,BACS
PMT61865,INV-52775,2025-10-06,332.59,BACS
PMT61866,INV-52778,2025-11-16,1361.89,CARD
PMT61867,INV-52779,2026-01-30,566.96,DD
PMT61868,INV-52780,2025-04-18,1181.55,CARD
PMT61869,INV-52781,2025-07-22,95.05,CARD
PMT61870,INV-52782,2025-07-10,342.70,BACS
PMT61871,INV-52783,2025-01-29,587.21,CARD
PMT61872,INV-52786,2025-12-29,1432.61,BACS
PMT61873,INV-52787,2026-02-08,482.08,BACS
PMT61874,INV-52788,2026-04-14,176.44,CHEQUE
PMT61875,INV-52789,2026-04-09,1150.47,BACS
PMT61876,INV-52790,2025-11-16,253.95,BACS
PMT61877,INV-52791,2025-11-13,581.62,CHEQUE
PMT61878,INV-52792,2026-04-14,740.15,DD
PMT61879,INV-52794,2025-09-14,755.03,CHEQUE
PMT61880,INV-52796,2025-09-15,1153.53,CHEQUE
PMT61881,INV-52797,2025-07-20,1454.56,BACS
PMT61882,INV-52801,2025-11-06,193.25,CHEQUE
PMT61883,INV-52805,2025-11-20,1002.33,BACS
PMT61884,INV-52806,2025-11-03,598.12,DD
PMT61885,INV-52807,2026-01-15,648.47,BACS
PMT61886,INV-52808,2025-01-30,878.13,BACS
PMT61887,INV-52810,2025-06-22,1077.64,DD
PMT61888,INV-52812,2025-11-16,98.93,DD
PMT61889,INV-52813,2025-04-08,125.96,CHEQUE
PMT61890,INV-52815,2025-02-25,36.73,DD
PMT61891,INV-52816,2025-07-30,80.38,DD
PMT61892,INV-52817,2025-02-17,1265.77,DD
PMT61893,INV-52821,2025-07-22,373.53,DD
PMT61894,INV-52822,2025-08-30,1381.65,DD
PMT61895,INV-52823,2026-01-23,78.88,CARD
PMT61896,INV-52824,2026-05-12,1355.55,BACS
PMT61897,INV-52825,2025-07-06,952.95,CHEQUE
PMT61898,INV-52826,2025-04-09,82.16,BACS
PMT61899,INV-52827,2025-06-23,1431.72,CHEQUE
PMT61900,INV-52828,2025-06-26,533.77,CARD
PMT61901,INV-52829,2025-10-11,768.32,DD
PMT61902,INV-52830,2026-01-04,20.66,CHEQUE
PMT61903,INV-52831,2026-02-19,52.53,CARD
PMT61904,INV-52832,2026-04-24,1423.00,BACS
PMT61905,INV-52833,2026-01-30,1208.14,CARD
PMT61906,INV-52834,2025-06-30,596.44,DD
PMT61907,INV-52838,2025-05-24,1427.56,BACS
PMT61908,INV-52839,2026-02-12,672.93,BACS
PMT61909,INV-52840,2025-12-23,1387.50,DD
PMT61910,INV-52842,2025-10-03,917.41,DD
PMT61911,INV-52843,2025-06-01,127.83,BACS
PMT61912,INV-52845,2025-09-09,351.49,BACS
PMT61913,INV-52847,2025-03-18,253.34,CARD
PMT61914,INV-52848,2025-01-26,1325.00,BACS
PMT61915,INV-52849,2025-04-07,98.45,BACS
PMT61916,INV-52851,2025-10-13,94.66,BACS
PMT61917,INV-52852,2026-04-02,1210.90,DD
PMT61918,INV-52853,2026-03-04,25.68,DD
PMT61919,INV-52854,2025-02-18,689.25,BACS
PMT61920,INV-52856,2025-09-18,762.42,CHEQUE
PMT61921,INV-52858,2025-10-27,376.19,BACS
PMT61922,INV-52860,2025-06-22,294.75,DD
PMT61923,INV-52861,2025-05-26,1341.57,BACS
PMT61924,INV-52862,2025-01-25,1278.45,BACS
PMT61925,INV-52863,2026-05-01,105.43,BACS
PMT61926,INV-52864,2025-03-04,99.47,CHEQUE
PMT61927,INV-52865,2025-04-30,1136.17,CHEQUE
PMT61928,INV-52868,2025-09-07,834.81,BACS
PMT61929,INV-52869,2026-04-13,1148.67,BACS
PMT61930,INV-52872,2025-04-05,1165.08,DD
PMT61931,INV-52873,2025-07-17,189.55,DD
PMT61932,INV-52874,2025-12-17,683.53,BACS
PMT61933,INV-52875,2025-04-11,956.40,CHEQUE
PMT61934,INV-52877,2025-04-12,222.52,CARD
PMT61935,INV-52881,2025-03-12,951.85,BACS
PMT61936,INV-52884,2026-01-21,1019.08,CHEQUE
PMT61937,INV-52887,2025-11-02,748.36,BACS
PMT61938,INV-52889,2025-02-27,631.20,CARD
PMT61939,INV-52890,2025-03-11,1314.42,CHEQUE
PMT61940,INV-52891,2026-03-01,448.36,BACS
PMT61941,INV-52893,2026-02-08,1295.59,BACS
PMT61942,INV-52895,2025-03-06,1186.48,CARD
PMT61943,INV-52897,2026-03-15,1472.04,CHEQUE
PMT61944,INV-52899,2025-05-05,946.90,CHEQUE
PMT61945,INV-52901,2025-03-16,165.86,CHEQUE
PMT61946,INV-52902,2025-06-10,1465.74,DD
PMT61947,INV-52903,2025-03-29,736.34,DD
PMT61948,INV-52904,2025-11-13,1056.43,DD
PMT61949,INV-52908,2026-01-31,155.62,DD
PMT61950,INV-52909,2025-11-10,1472.94,DD
PMT61951,INV-52911,2025-07-19,193.76,CARD
PMT61952,INV-52912,2026-01-25,735.32,CARD
PMT61953,INV-52914,2026-01-19,629.09,CHEQUE
PMT61954,INV-52918,2026-05-12,156.01,CARD
PMT61955,INV-52923,2026-05-26,351.81,DD
PMT61956,INV-52924,2025-11-16,171.22,DD
PMT61957,INV-52925,2026-01-29,41.54,CARD
PMT61958,INV-52928,2025-04-03,55.80,BACS
PMT61959,INV-52929,2025-03-09,678.95,CARD
PMT61960,INV-52930,2025-05-26,1158.08,CARD
PMT61961,INV-52931,2026-02-08,1165.20,CARD
PMT61962,INV-52933,2025-10-16,92.47,BACS
PMT61963,INV-52934,2025-07-30,836.92,DD
PMT61964,INV-52935,2025-10-24,199.30,BACS
PMT61965,INV-52936,2026-04-05,1012.88,CARD
PMT61966,INV-52937,2026-01-29,1149.90,BACS
PMT61967,INV-52938,2026-04-20,191.84,CARD
PMT61968,INV-52939,2025-07-21,1117.29,BACS
PMT61969,INV-52940,2026-01-31,1043.42,CARD
PMT61970,INV-52941,2025-06-06,379.97,CARD
PMT61971,INV-52942,2025-11-25,569.45,CHEQUE
PMT61972,INV-52943,2025-07-24,368.39,DD
PMT61973,INV-52944,2025-12-08,1389.30,CHEQUE
PMT61974,INV-52946,2026-02-08,1012.01,DD
PMT61975,INV-52947,2025-09-25,1111.66,DD
PMT61976,INV-52951,2025-11-14,907.31,CHEQUE
PMT61977,INV-52953,2025-03-04,84.83,BACS
PMT61978,INV-52954,2025-08-18,388.96,DD
PMT61979,INV-52955,2025-02-23,1413.54,CHEQUE
PMT61980,INV-52956,2025-07-11,1092.92,CHEQUE
PMT61981,INV-52958,2025-11-05,1026.98,BACS
PMT61982,INV-52961,2025-12-04,457.26,BACS
PMT61983,INV-52964,2026-05-21,1270.05,CARD
PMT61984,INV-52965,2025-11-02,1235.43,DD
PMT61985,INV-52966,2025-11-09,704.16,CARD
PMT61986,INV-52968,2025-04-22,52.66,CARD
PMT61987,INV-52969,2025-12-21,912.95,CARD
PMT61988,INV-52970,2025-02-05,939.51,DD
PMT61989,INV-52971,2025-04-01,190.74,BACS
PMT61990,INV-52972,2026-01-05,1062.61,CHEQUE
PMT61991,INV-52973,2026-04-17,723.27,CHEQUE
PMT61992,INV-52974,2025-10-31,1481.31,CHEQUE
PMT61993,INV-52975,2025-09-25,335.80,DD
PMT61994,INV-52977,2026-01-03,120.10,DD
PMT61995,INV-52978,2026-03-08,172.97,CHEQUE
PMT61996,INV-52979,2026-05-28,1259.65,BACS
PMT61997,INV-52981,2025-07-15,669.59,DD
PMT61998,INV-52982,2026-04-20,669.58,CHEQUE
PMT61999,INV-52983,2026-03-16,919.92,DD
PMT62000,INV-52984,2025-04-25,1245.95,BACS
PMT62001,INV-52985,2025-10-01,1228.57,DD
PMT62002,INV-52986,2025-02-27,517.19,BACS
PMT62003,INV-52987,2025-05-03,622.47,CARD
PMT62004,INV-52988,2026-03-14,445.46,CARD
PMT62005,INV-52989,2025-11-20,69.77,DD
PMT62006,INV-52990,2025-11-18,410.32,CHEQUE
PMT62007,INV-52993,2025-05-25,1378.68,CHEQUE
PMT62008,INV-52994,2025-05-22,1116.80,CARD
PMT62009,INV-52995,2026-01-17,842.77,CHEQUE
PMT62010,INV-52996,2025-07-01,1037.63,CHEQUE
PMT62011,INV-52998,2025-01-25,1192.33,CHEQUE
PMT62012,INV-52999,2025-02-05,714.72,CHEQUE
PMT62013,INV-53003,2025-09-09,647.77,CARD
PMT62014,INV-53004,2026-05-04,1162.50,CHEQUE
PMT62015,INV-53005,2025-02-26,1380.21,BACS
PMT62016,INV-53006,2026-04-26,151.89,CARD
PMT62017,INV-53007,2025-04-10,410.16,CARD
PMT62018,INV-53008,2025-12-04,930.50,CHEQUE
PMT62019,INV-53009,2025-08-13,471.82,CARD
PMT62020,INV-53010,2025-12-04,342.97,BACS
PMT62021,INV-53012,2026-03-24,471.18,CARD
PMT62022,INV-53013,2026-01-13,306.84,CHEQUE
PMT62023,INV-53014,2026-03-18,176.61,BACS
PMT62024,INV-53015,2026-03-21,1422.52,DD
PMT62025,INV-53016,2026-05-12,906.98,CHEQUE
PMT62026,INV-53017,2025-07-04,402.03,CARD
PMT62027,INV-53018,2025-11-24,1075.35,CARD
PMT62028,INV-53019,2026-03-30,147.52,CHEQUE
PMT62029,INV-53020,2026-02-23,869.41,CHEQUE
PMT62030,INV-53021,2026-05-09,1010.55,BACS
PMT62031,INV-53024,2025-02-05,658.40,CHEQUE
PMT62032,INV-53025,2026-02-26,1459.15,CHEQUE
PMT62033,INV-53026,2026-02-27,1059.43,CHEQUE
PMT62034,INV-53027,2026-05-22,82.20,CHEQUE
PMT62035,INV-53028,2026-04-05,1127.62,DD
PMT62036,INV-53029,2026-04-02,1435.29,BACS
PMT62037,INV-53030,2025-06-21,413.33,DD
PMT62038,INV-53032,2026-04-26,620.35,CARD
PMT62039,INV-53034,2025-05-28,1336.51,CARD
PMT62040,INV-53036,2025-01-22,914.77,DD
PMT62041,INV-53040,2025-07-09,707.23,CHEQUE
PMT62042,INV-53042,2025-02-04,853.91,BACS
PMT62043,INV-53045,2025-02-24,279.25,DD
PMT62044,INV-53046,2025-02-11,111.08,BACS
PMT62045,INV-53047,2025-12-11,778.78,CHEQUE
PMT62046,INV-53049,2025-04-15,290.22,DD
PMT62047,INV-53051,2026-02-21,1337.47,BACS
PMT62048,INV-53052,2025-01-08,1234.58,BACS
PMT62049,INV-53054,2026-04-06,1033.90,CARD
PMT62050,INV-53055,2025-04-21,820.21,CARD
PMT62051,INV-53056,2025-10-09,959.37,DD
PMT62052,INV-53057,2025-10-08,687.21,CARD
PMT62053,INV-53059,2025-05-26,521.58,CHEQUE
PMT62054,INV-53062,2025-06-23,539.56,CARD
PMT62055,INV-53064,2025-07-21,373.67,DD
PMT62056,INV-53067,2025-02-21,747.58,DD
PMT62057,INV-53068,2025-08-31,579.78,BACS
PMT62058,INV-53070,2026-05-18,511.59,CARD
PMT62059,INV-53071,2025-07-16,1068.84,BACS
PMT62060,INV-53074,2025-01-20,1261.32,BACS
PMT62061,INV-53075,2026-04-27,453.01,CHEQUE
PMT62062,INV-53076,2026-03-02,707.13,CHEQUE
PMT62063,INV-53077,2025-10-09,581.17,DD
PMT62064,INV-53078,2025-08-31,936.99,CHEQUE
PMT62065,INV-53079,2025-12-15,683.82,CHEQUE
PMT62066,INV-53080,2025-11-28,294.59,DD
PMT62067,INV-53081,2026-03-06,1158.33,BACS
PMT62068,INV-53082,2025-03-14,1473.01,CHEQUE
PMT62069,INV-53084,2025-06-01,1161.93,DD
PMT62070,INV-53085,2025-04-23,489.47,BACS
PMT62071,INV-53086,2025-09-24,506.15,BACS
PMT62072,INV-53091,2025-11-14,605.94,CARD
PMT62073,INV-53092,2025-12-12,76.37,BACS
PMT62074,INV-53093,2025-07-17,1229.11,CARD
PMT62075,INV-53095,2025-09-21,1141.51,CHEQUE
PMT62076,INV-53099,2026-05-28,933.68,DD
PMT62077,INV-53102,2025-07-19,668.38,CHEQUE
PMT62078,INV-53106,2025-02-23,863.97,CARD
PMT62079,INV-53109,2026-01-30,713.06,DD
PMT62080,INV-53110,2026-04-07,23.93,CHEQUE
PMT62081,INV-53111,2025-04-25,1267.66,CHEQUE
PMT62082,INV-53112,2026-05-01,243.19,CHEQUE
PMT62083,INV-53113,2025-11-30,572.50,CHEQUE
PMT62084,INV-53117,2025-06-13,893.76,DD
PMT62085,INV-53118,2025-02-26,150.55,CARD
PMT62086,INV-53119,2025-01-30,571.05,DD
PMT62087,INV-53120,2025-04-23,1121.96,CARD
PMT62088,INV-53121,2026-01-22,291.54,BACS
PMT62089,INV-53122,2026-03-13,1353.56,CHEQUE
PMT62090,INV-53123,2025-03-10,622.23,BACS
PMT62091,INV-53124,2025-01-20,669.81,CHEQUE
PMT62092,INV-53126,2025-05-13,928.60,CHEQUE
PMT62093,INV-53127,2025-12-01,1030.69,DD
PMT62094,INV-53128,2025-06-12,747.45,CHEQUE
PMT62095,INV-53129,2026-03-06,1052.17,BACS
PMT62096,INV-53130,2025-11-22,547.26,DD
PMT62097,INV-53132,2025-04-24,242.85,BACS
PMT62098,INV-53133,2025-01-19,817.16,CARD
PMT62099,INV-53134,2026-04-09,1224.41,CARD
PMT62100,INV-53135,2025-01-01,1054.32,DD
PMT62101,INV-53137,2026-03-04,671.85,DD
PMT62102,INV-53138,2025-03-25,1382.01,CARD
PMT62103,INV-53140,2025-02-15,951.69,CARD
PMT62104,INV-53141,2025-10-30,1474.18,CARD
PMT62105,INV-53142,2025-10-06,671.15,BACS
PMT62106,INV-53143,2026-01-22,475.18,CHEQUE
PMT62107,INV-53144,2025-08-02,617.58,DD
PMT62108,INV-53145,2026-03-14,1443.20,DD
PMT62109,INV-53147,2025-12-07,559.22,CHEQUE
PMT62110,INV-53149,2025-10-08,219.64,CARD
PMT62111,INV-53151,2026-05-02,1461.53,DD
PMT62112,INV-53153,2025-11-08,1486.68,DD
PMT62113,INV-53154,2025-12-05,1262.72,DD
PMT62114,INV-53155,2026-04-17,437.19,BACS
PMT62115,INV-53156,2026-02-16,856.46,DD
PMT62116,INV-53158,2025-08-19,300.91,CARD
PMT62117,INV-53159,2025-06-07,1240.22,BACS
PMT62118,INV-53161,2025-11-13,356.65,CARD
PMT62119,INV-53162,2025-07-18,611.23,CARD
PMT62120,INV-53165,2025-06-30,370.36,CARD
PMT62121,INV-53167,2026-05-04,970.02,CHEQUE
PMT62122,INV-53168,2026-04-19,97.76,BACS
PMT62123,INV-53169,2026-02-12,1176.93,CHEQUE
PMT62124,INV-53172,2026-05-17,1250.52,DD
PMT62125,INV-53173,2025-07-25,1086.01,CARD
PMT62126,INV-53176,2025-01-11,667.92,CHEQUE
PMT62127,INV-53178,2025-01-01,572.32,CHEQUE
PMT62128,INV-53180,2025-11-01,446.77,CARD
PMT62129,INV-53181,2025-07-10,135.67,CHEQUE
PMT62130,INV-53182,2025-08-19,1009.82,CHEQUE
PMT62131,INV-53183,2026-01-10,428.51,DD
PMT62132,INV-53184,2025-06-21,1213.20,BACS
PMT62133,INV-53186,2025-01-27,874.07,DD
PMT62134,INV-53188,2025-07-10,193.70,BACS
PMT62135,INV-53189,2025-04-05,392.45,CHEQUE
PMT62136,INV-53190,2025-04-08,139.66,CARD
PMT62137,INV-53192,2025-11-10,1416.01,BACS
PMT62138,INV-53194,2025-07-08,693.90,DD
PMT62139,INV-53197,2025-10-01,364.30,DD
PMT62140,INV-53199,2026-03-26,47.56,DD
PMT62141,INV-53202,2026-05-20,876.72,CHEQUE
PMT62142,INV-53204,2025-11-01,66.00,BACS
PMT62143,INV-53205,2025-12-26,1014.14,CHEQUE
PMT62144,INV-53206,2025-10-19,454.07,DD
PMT62145,INV-53207,2025-05-22,264.62,BACS
PMT62146,INV-53208,2025-11-06,726.73,DD
PMT62147,INV-53210,2025-04-30,670.64,CARD
PMT62148,INV-53213,2026-01-16,1352.90,DD
PMT62149,INV-53215,2026-02-12,257.13,BACS
PMT62150,INV-53216,2026-01-13,576.38,CHEQUE
PMT62151,INV-53217,2026-01-08,1371.79,CHEQUE
PMT62152,INV-53218,2025-05-14,370.13,DD
PMT62153,INV-53219,2025-06-28,1133.15,BACS
PMT62154,INV-53221,2025-04-16,1478.28,CHEQUE
PMT62155,INV-53222,2026-02-02,730.62,CHEQUE
PMT62156,INV-53223,2025-05-17,122.30,CARD
PMT62157,INV-53224,2025-08-29,1435.23,BACS
PMT62158,INV-53225,2025-04-15,1404.72,CARD
PMT62159,INV-53226,2025-10-21,160.51,CARD
PMT62160,INV-53228,2025-08-02,411.65,CARD
PMT62161,INV-53229,2026-01-30,1178.12,CHEQUE
PMT62162,INV-53231,2025-05-01,1262.92,CARD
PMT62163,INV-53232,2025-08-01,1021.10,CHEQUE
PMT62164,INV-53233,2025-12-07,1310.13,CHEQUE
PMT62165,INV-53234,2025-07-20,1046.21,CHEQUE
PMT62166,INV-53236,2025-11-02,1073.19,DD
PMT62167,INV-53239,2025-10-12,895.70,CARD
PMT62168,INV-53240,2025-09-27,462.80,CHEQUE
PMT62169,INV-53241,2026-01-25,409.48,CHEQUE
PMT62170,INV-53242,2025-01-05,1076.85,CARD
PMT62171,INV-53246,2026-02-26,1139.00,CHEQUE
PMT62172,INV-53248,2026-04-28,1272.52,DD
PMT62173,INV-53252,2025-12-14,1234.10,CHEQUE
PMT62174,INV-53253,2026-05-06,176.78,CARD
PMT62175,INV-53256,2025-02-26,1492.14,CHEQUE
PMT62176,INV-53257,2025-08-27,224.51,BACS
PMT62177,INV-53258,2025-06-27,638.70,BACS
PMT62178,INV-53259,2025-12-05,217.23,DD
PMT62179,INV-53262,2026-02-01,496.91,CARD
PMT62180,INV-53263,2026-02-16,389.15,CHEQUE
PMT62181,INV-53267,2026-01-02,534.72,BACS
PMT62182,INV-53268,2025-06-30,448.61,CHEQUE
PMT62183,INV-53270,2025-06-08,44.75,BACS
PMT62184,INV-53271,2025-05-27,818.80,CHEQUE
PMT62185,INV-53273,2025-03-04,562.07,DD
PMT62186,INV-53274,2026-01-04,1313.46,CHEQUE
PMT62187,INV-53275,2025-11-10,1337.62,CARD
PMT62188,INV-53278,2026-01-13,763.68,DD
PMT62189,INV-53279,2025-06-21,1425.51,BACS
PMT62190,INV-53280,2025-11-01,1228.49,CARD
PMT62191,INV-53281,2026-04-08,1024.69,CARD
PMT62192,INV-53284,2026-05-04,156.08,CARD
PMT62193,INV-53285,2026-04-27,1353.46,CHEQUE
PMT62194,INV-53286,2025-08-21,760.46,BACS
PMT62195,INV-53288,2026-03-21,270.82,CARD
PMT62196,INV-53289,2025-01-10,850.23,DD
PMT62197,INV-53290,2025-11-01,1136.79,CARD
PMT62198,INV-53291,2025-05-16,875.23,CARD
PMT62199,INV-53292,2025-02-07,800.15,DD
PMT62200,INV-53293,2026-04-22,1484.60,CHEQUE
PMT62201,INV-53294,2026-04-20,116.61,CARD
PMT62202,INV-53295,2026-03-24,1202.67,CHEQUE
PMT62203,INV-53297,2025-05-09,150.39,CARD
PMT62204,INV-53298,2025-03-25,955.39,DD
PMT62205,INV-53299,2025-08-12,1222.69,DD
PMT62206,INV-53300,2026-01-10,38.89,BACS
PMT62207,INV-53302,2026-04-26,628.37,CHEQUE
PMT62208,INV-53304,2025-01-16,558.82,DD
PMT62209,INV-53305,2025-06-13,100.76,CARD
PMT62210,INV-53306,2026-02-27,632.67,CARD
PMT62211,INV-53307,2026-02-16,214.63,CHEQUE
PMT62212,INV-53308,2025-07-18,1456.69,BACS
PMT62213,INV-53309,2026-03-27,1129.05,DD
PMT62214,INV-53311,2025-09-25,242.80,BACS
PMT62215,INV-53312,2025-09-12,31.29,CARD
PMT62216,INV-53313,2026-01-11,477.33,BACS
PMT62217,INV-53315,2025-12-25,458.12,DD
PMT62218,INV-53317,2025-09-19,894.47,CARD
PMT62219,INV-53319,2025-03-11,1369.55,BACS
PMT62220,INV-53323,2025-04-25,1227.69,DD
PMT62221,INV-53324,2025-06-15,968.98,BACS
PMT62222,INV-53326,2026-03-26,914.79,BACS
PMT62223,INV-53327,2025-08-14,482.71,CHEQUE
PMT62224,INV-53329,2026-04-23,765.35,DD
PMT62225,INV-53330,2025-02-02,910.84,CHEQUE
PMT62226,INV-53333,2025-03-13,1270.47,CHEQUE
PMT62227,INV-53336,2025-06-26,1089.39,CHEQUE
PMT62228,INV-53337,2025-08-01,608.89,DD
PMT62229,INV-53339,2025-01-03,1489.71,CHEQUE
PMT62230,INV-53340,2026-02-23,241.87,BACS
PMT62231,INV-53341,2025-06-27,1177.68,BACS
PMT62232,INV-53343,2026-04-01,1062.59,CARD
PMT62233,INV-53344,2025-05-02,617.17,DD
PMT62234,INV-53346,2026-02-23,297.25,CARD
PMT62235,INV-53347,2025-07-04,574.40,CARD
PMT62236,INV-53348,2025-09-19,334.75,CARD
PMT62237,INV-53350,2025-11-15,592.04,CARD
PMT62238,INV-53351,2026-05-25,78.53,CHEQUE
PMT62239,INV-53352,2025-08-19,1149.39,CHEQUE
PMT62240,INV-53353,2026-01-07,1301.43,CARD
PMT62241,INV-53354,2025-08-04,996.92,DD
PMT62242,INV-53359,2025-04-07,660.14,CHEQUE
PMT62243,INV-53360,2025-11-03,1086.83,CARD
PMT62244,INV-53361,2026-05-04,762.05,BACS
PMT62245,INV-53363,2025-03-26,1265.11,DD
PMT62246,INV-53364,2026-05-02,1465.35,DD
PMT62247,INV-53367,2025-04-27,1311.50,CHEQUE
PMT62248,INV-53368,2025-07-23,235.55,CARD
PMT62249,INV-53369,2026-03-11,333.41,CHEQUE
PMT62250,INV-53371,2025-05-10,517.18,BACS
PMT62251,INV-53372,2026-02-28,709.82,DD
PMT62252,INV-53373,2025-07-07,633.69,DD
PMT62253,INV-53375,2025-03-22,1098.56,BACS
PMT62254,INV-53378,2025-11-23,1142.48,CHEQUE
PMT62255,INV-53380,2026-03-28,1067.90,BACS
PMT62256,INV-53382,2025-11-30,1037.14,CHEQUE
PMT62257,INV-53389,2026-03-07,856.10,CARD
PMT62258,INV-53390,2026-04-09,1282.75,CHEQUE
PMT62259,INV-53391,2025-12-05,1192.77,BACS
PMT62260,INV-53392,2026-01-10,83.26,DD
PMT62261,INV-53394,2025-04-09,865.19,CARD
PMT62262,INV-53395,2026-05-14,1440.02,CARD
PMT62263,INV-53397,2025-12-18,1118.01,BACS
PMT62264,INV-53398,2025-10-18,515.69,BACS
PMT62265,INV-53399,2025-03-28,679.16,BACS
PMT62266,INV-53401,2025-11-01,689.50,BACS
PMT62267,INV-53402,2025-07-21,1116.63,CARD
PMT62268,INV-53405,2026-05-12,438.07,BACS
PMT62269,INV-53407,2025-11-02,353.51,DD
PMT62270,INV-53408,2025-06-30,159.31,BACS
PMT62271,INV-53410,2026-01-08,845.78,CHEQUE
PMT62272,INV-53411,2026-02-06,641.46,DD
PMT62273,INV-53414,2025-05-02,825.09,CHEQUE
PMT62274,INV-53418,2025-11-29,303.51,CHEQUE
PMT62275,INV-53419,2026-03-11,229.88,CARD
PMT62276,INV-53420,2025-08-08,1197.52,CARD
PMT62277,INV-53421,2025-11-12,1425.53,CHEQUE
PMT62278,INV-53423,2025-05-12,1111.42,CHEQUE
PMT62279,INV-53424,2025-11-08,957.89,CHEQUE
PMT62280,INV-53426,2025-09-26,787.57,DD
